file,bytes,sha256,retrieved_utc
data_raw/dem/LDEM_16.IMG,33177600,a511e40d7a3ea3275945b4da2a1df377133264fab0be94b7434b1cf8907254cb,2026-09-26
data_raw/dem/LDEM_16.LBL,5121,9aef29463ccc6ed3a3fbe0df3ecd830a99c69e16b564f455507dee2697096579,2026-09-26
data_raw/dem/LDEM_4.IMG,2073600,972d66d7f330abca62abc21aae270661516c00dd1a881ec102b94df9563656b5,2026-09-26
data_raw/dem/LDEM_4.LBL,5107,b5a197b4d417e3b5e0e84f8fe15f9a1d2203b8eb5d7213236c0ffbc86e940cc6,2026-09-26
data_raw/dem/LDRM_16.IMG,33177600,3941d2ef396ad41809c2f27c487348562714b3f0bf1150f1fe33b387998aa348,2026-09-26
data_raw/dem/LDRM_16.LBL,3929,4e6dc6acc31c32724340ec150796bfd6faec26d6564242384210152fdbec6c33,2026-09-26
data_raw/dem/LDSM_16.IMG,33177600,de1fb2909f8a09756ec60e1601ee92672ddc9d99ceae0d714a0dbd1804bd88d7,2026-09-26
data_raw/dem/LDSM_16.LBL,4060,e0bd2e4b7f5b6f547ad4e7766a5acf04aee5de9561cfe24555ba573a24b5bdf5,2026-09-26
data_raw/lp_grs/LPGRS_ELEM_ABUNDANCE.FMT,23574,87c1b725aba228ecf44e7aa0c80efaf899aa3d4033b6bf85776bf60cd2913d99,2026-09-26
data_raw/lp_grs/LPGRS_HIGH1_ELEM_ABUNDANCE_2DEG.LBL,8102,8eb4daac25d68cfe0a9a8d778d447949ceb2239e67635207475aa87f5f3b618e,2026-09-26
data_raw/lp_grs/LPGRS_HIGH1_ELEM_ABUNDANCE_2DEG.TAB,9949280,e866953499813ec089067f1985dfb92fe7adc8957a2121bb115a3b27ea14e946,2026-09-26
data_raw/lp_grs/LPGRS_HIGH1_ELEM_ABUNDANCE_5DEG.LBL,8110,cb35452c97a297ba3b3e6506bea66312dfdf362c823b6d12a538d0f41805bc21,2026-09-26
data_raw/lp_grs/LPGRS_HIGH1_ELEM_ABUNDANCE_5DEG.TAB,1575200,4a9fd850a7b717ca5e6003e87342191cff6f6afe468acd7227a42db2a6b4cde5,2026-09-26
data_raw/lp_grs/lp_aareadme.txt,6061,3d3b3e747f49de83228c5e41520a6edfc4830b1a0b0160001a7035daa93c24c4,2026-09-26
data_raw/lp_grs/lp_index.lbl,2770,11a800b4ce3f0bb060ea3790a0829c0f5570381753f09a78c37ba196877a05c4,2026-09-26
data_raw/lp_grs/lp_index.tab,447,e01b6b26b73568224f8d01d6833e9cdb4e7dfb208320d1f3fecd9664fb5b3688,2026-09-26
data_raw/mars_geol/extracted/SIM3292_MarsGlobalGeologicGIS_20M/Basemaps/MOLA_Hillshade_Robinson_128ppd.tfw,96,355f48d235865eba842ae3e63cea1341435af9c4ebb1553e2e5205fc8c831ad2,2026-09-26
data_raw/mars_geol/extracted/SIM3292_MarsGlobalGeologicGIS_20M/Basemaps/MOLA_Hillshade_Robinson_128ppd.tif,772835624,5ebc9e89afb36892ba6807df8871f6b37ce9dacec60287e0797138148a314f27,2026-09-26
data_raw/mars_geol/extracted/SIM3292_MarsGlobalGeologicGIS_20M/Basemaps/MOLA_Hillshade_Robinson_128ppd.tif.aux.xml,2381,9c8e33b3d6c878c7625b005a950b1911bf828366500a13b85501da04d2a21021,2026-09-26
data_raw/mars_geol/extracted/SIM3292_MarsGlobalGeologicGIS_20M/Basemaps/MOLA_Hillshade_Robinson_128ppd.tif.ovr,161587870,37306c57ab88d0763a508ba19cf6afd4286737d607e2d5418e2478b6fd0fd2b6,2026-09-26
data_raw/mars_geol/extracted/SIM3292_MarsGlobalGeologicGIS_20M/Basemaps/hillshade_n_128.aux,366307,4dd9a33883e51c3cc2f17e98245b1cf730af4d707f6301ec3b1cd34c563c0ca1,2026-09-26
data_raw/mars_geol/extracted/SIM3292_MarsGlobalGeologicGIS_20M/Basemaps/hillshade_n_128.jgw,126,0025329032de51a76a621132a90e322f91426dce426389747ae32b92d16f0f27,2026-09-26
data_raw/mars_geol/extracted/SIM3292_MarsGlobalGeologicGIS_20M/Basemaps/hillshade_n_128.jpg,9768753,1fc5951259967b841da1aff00f8c63b1a10d98ed1fdfe7ac3cd6949f94ef6c9c,2026-09-26
data_raw/mars_geol/extracted/SIM3292_MarsGlobalGeologicGIS_20M/Basemaps/hillshade_n_128.jpg.aux.xml,2187,02abfc57c52c3256c9b54d38d4e86418f443a1f3167962a26f9f50d339d91dba,2026-09-26
data_raw/mars_geol/extracted/SIM3292_MarsGlobalGeologicGIS_20M/Basemaps/hillshade_n_128.rrd,35044370,29176b4d0462a8a26c0726e80b770751caf6921923428f193d4fd06d3c5d9c44,2026-09-26
data_raw/mars_geol/extracted/SIM3292_MarsGlobalGeologicGIS_20M/Basemaps/hillshade_s_128.aux,365840,38d9c7ae0bc0df9a717fef0b13b0486a865cde85f7035ece68e29d369f2b6371,2026-09-26
data_raw/mars_geol/extracted/SIM3292_MarsGlobalGeologicGIS_20M/Basemaps/hillshade_s_128.jgw,126,0025329032de51a76a621132a90e322f91426dce426389747ae32b92d16f0f27,2026-09-26
data_raw/mars_geol/extracted/SIM3292_MarsGlobalGeologicGIS_20M/Basemaps/hillshade_s_128.jpg,14407308,ef13987996181770d711a6a74cd474b43e56e135f0081aa85c043b36e69227ea,2026-09-26
data_raw/mars_geol/extracted/SIM3292_MarsGlobalGeologicGIS_20M/Basemaps/hillshade_s_128.rrd,35043903,ad86123c78ef2262ee0e2036307ba7a005194cd206692217bfea6b40d12d61dd,2026-09-26
data_raw/mars_geol/extracted/SIM3292_MarsGlobalGeologicGIS_20M/Mars_PublishedGeologicMaps_1Mscale_greater/Mars_PublishedGeologicMaps_1Mscale_greater.dbf,12678,995b01fd91a9e050834932760fef02c61f11f20b28c8edee36636c1afd5121d3,2026-09-26
data_raw/mars_geol/extracted/SIM3292_MarsGlobalGeologicGIS_20M/Mars_PublishedGeologicMaps_1Mscale_greater/Mars_PublishedGeologicMaps_1Mscale_greater.pdf,1130476,b815e77d80a95f890d0b5e7997ec21e5b15f2942dd22b0229302b33e05409a45,2026-09-26
data_raw/mars_geol/extracted/SIM3292_MarsGlobalGeologicGIS_20M/Mars_PublishedGeologicMaps_1Mscale_greater/Mars_PublishedGeologicMaps_1Mscale_greater.prj,169,9791e99707d7934d89c9775f1b1f5e2852a026f8a64415fe1c8cddf6c8f4d5ff,2026-09-26
data_raw/mars_geol/extracted/SIM3292_MarsGlobalGeologicGIS_20M/Mars_PublishedGeologicMaps_1Mscale_greater/Mars_PublishedGeologicMaps_1Mscale_greater.shp,583800,11c28c8c9074b5c805a2bfe9985b0342ad5a5b7e06509cd469c1080202c472a5,2026-09-26
data_raw/mars_geol/extracted/SIM3292_MarsGlobalGeologicGIS_20M/Mars_PublishedGeologicMaps_1Mscale_greater/Mars_PublishedGeologicMaps_1Mscale_greater.shp.xml,15798,4013375731876805fdc59b27f639ae7fc528ad285b66432fdb3e4c36907951fc,2026-09-26
data_raw/mars_geol/extracted/SIM3292_MarsGlobalGeologicGIS_20M/Mars_PublishedGeologicMaps_1Mscale_greater/Mars_PublishedGeologicMaps_1Mscale_greater.shx,276,4333387f19fa3f8479f82f6d70f66a12c730c71e1a150bec94a01279d705094d,2026-09-26
data_raw/mars_geol/extracted/SIM3292_MarsGlobalGeologicGIS_20M/Mars_PublishedGeologicMaps_1Mscale_greater/Mars_PublishedGeologicMaps_1Mscale_greater_arcMap10.1.mxd,791552,5496826af6b9619fa17009af88ddbf131eb5cdf19df7dd275771fd58dc11962e,2026-09-26
data_raw/mars_geol/extracted/SIM3292_MarsGlobalGeologicGIS_20M/SIM3292_LayerSymbols/Amazonian.lyr,14848,e8eec173f86d16d377e8e349fb0527e8936e985a3837b09ebf0a49e5853c60c1,2026-09-26
data_raw/mars_geol/extracted/SIM3292_MarsGlobalGeologicGIS_20M/SIM3292_LayerSymbols/Global_Contact.lyr,8192,ff801cb653d77ee6cd8fe45148168cea78fc2a6ea689d3eb0ef7bd3adf394e2a,2026-09-26
data_raw/mars_geol/extracted/SIM3292_MarsGlobalGeologicGIS_20M/SIM3292_LayerSymbols/Global_Geology_Age.lyr,10752,2f0c42a25fa3d667bf3d03697c40d9e9ddb4f6b3f30200bc7a279514b769b5d9,2026-09-26
data_raw/mars_geol/extracted/SIM3292_MarsGlobalGeologicGIS_20M/SIM3292_LayerSymbols/Global_Geology_Figures.lyr,27648,1de4f22ac4fef31f981a0646393fa12023a743a905ab16aadc977aff8991c165,2026-09-26
data_raw/mars_geol/extracted/SIM3292_MarsGlobalGeologicGIS_20M/SIM3292_LayerSymbols/Global_Geology_Units.lyr,23040,ce0fcfb45bb9887dae72b99f7c9e243294cd49bfee7cec970d8062c2c576454d,2026-09-26
data_raw/mars_geol/extracted/SIM3292_MarsGlobalGeologicGIS_20M/SIM3292_LayerSymbols/Global_Landing_Sites.lyr,10240,f1679db0eb3eb488aaeb62704ab9d3553b4af2e4819861c00cc0159b6a1ed946,2026-09-26
data_raw/mars_geol/extracted/SIM3292_MarsGlobalGeologicGIS_20M/SIM3292_LayerSymbols/Global_Structure.lyr,18944,6fa3090f58b407667c2c9570a74a820ff636626b7e399cd5defad22b18630064,2026-09-26
data_raw/mars_geol/extracted/SIM3292_MarsGlobalGeologicGIS_20M/SIM3292_LayerSymbols/Hesperian.lyr,16896,8187cc71fab105d07ce962834c10cc71422c224ebd9716bc2022a042066d61b0,2026-09-26
data_raw/mars_geol/extracted/SIM3292_MarsGlobalGeologicGIS_20M/SIM3292_LayerSymbols/Noachian.lyr,13824,5678b304a8033a11bb16f5a4a6bff945150c3da730a19e13ac1e54054eaa0bb1,2026-09-26
data_raw/mars_geol/extracted/SIM3292_MarsGlobalGeologicGIS_20M/SIM3292_LayerSymbols/landing_sites_oc.lyr,10240,c148e3cc9aca03b775295a1eb5f9d0838a7b2119cedd3f21147bcaac062e48a8,2026-09-26
data_raw/mars_geol/extracted/SIM3292_MarsGlobalGeologicGIS_20M/SIM3292_MarsGlobalGeologicGIS_20M_ArcMap10.1.mxd,1644544,e27baac085dc2600651f8c99168304743621c3ea449e198253d0f7b32ad29e18,2026-09-26
data_raw/mars_geol/extracted/SIM3292_MarsGlobalGeologicGIS_20M/SIM3292_MarsGlobalGeologicGIS_20M_ArcMap10.mxd,940544,c7ef5f5e06e84e6945a49e808c2ee5e36adf784f0d688b1d41e3e6f79f9709e1,2026-09-26
data_raw/mars_geol/extracted/SIM3292_MarsGlobalGeologicGIS_20M/SIM3292_README.txt,5687,0bd3fd83a5b50129bb44f632172f374a8426d164c465737ab9f11c368853145c,2026-09-26
data_raw/mars_geol/extracted/SIM3292_MarsGlobalGeologicGIS_20M/SIM3292_Shapefiles/SIM3292_Global_Contacts.dbf,216762,666ca4615fd5cc24c12d9750a41d9ce89e41ce64ed7e93e0966f42f022f6cb63,2026-09-26
data_raw/mars_geol/extracted/SIM3292_MarsGlobalGeologicGIS_20M/SIM3292_Shapefiles/SIM3292_Global_Contacts.prj,176,2fb085b6ac6c8594c2e411b1c99b35093b1ff01ba125b06e1b57328a2dc8f8bc,2026-09-26
data_raw/mars_geol/extracted/SIM3292_MarsGlobalGeologicGIS_20M/SIM3292_Shapefiles/SIM3292_Global_Contacts.sbn,36852,e4ee3dd55e5055660122fac78bd2cc1acbb7b8bc155343dea62248de80532f68,2026-09-26
data_raw/mars_geol/extracted/SIM3292_MarsGlobalGeologicGIS_20M/SIM3292_Shapefiles/SIM3292_Global_Contacts.sbx,3132,13a69d6b2974c1c7e4c5dcc0184b0f0e54f081745d4f6760e45d693b8599ba12,2026-09-26
data_raw/mars_geol/extracted/SIM3292_MarsGlobalGeologicGIS_20M/SIM3292_Shapefiles/SIM3292_Global_Contacts.shp,32122912,40387139da3734ca7d68ff22858ec63ba2b09cefe7d1dd9f5df57cc92490efe8,2026-09-26
data_raw/mars_geol/extracted/SIM3292_MarsGlobalGeologicGIS_20M/SIM3292_Shapefiles/SIM3292_Global_Contacts.shp.xml,34508,e20618251ea78acc82307859111d9a8cba4bb622ac4bc135f99a6dc7f03e543d,2026-09-26
data_raw/mars_geol/extracted/SIM3292_MarsGlobalGeologicGIS_20M/SIM3292_Shapefiles/SIM3292_Global_Contacts.shx,30500,b498afdd9d76c8cd954ce9b6401211a3705562436511cd3d57064c75f759bc13,2026-09-26
data_raw/mars_geol/extracted/SIM3292_MarsGlobalGeologicGIS_20M/SIM3292_Shapefiles/SIM3292_Global_Geology.dbf,156235,06a7b40338f8f62e1d8192e07068fcb343ca7c2f02ffb353bead832ffa1d2bab,2026-09-26
data_raw/mars_geol/extracted/SIM3292_MarsGlobalGeologicGIS_20M/SIM3292_Shapefiles/SIM3292_Global_Geology.prj,176,2fb085b6ac6c8594c2e411b1c99b35093b1ff01ba125b06e1b57328a2dc8f8bc,2026-09-26
data_raw/mars_geol/extracted/SIM3292_MarsGlobalGeologicGIS_20M/SIM3292_Shapefiles/SIM3292_Global_Geology.sbn,14124,21addaea836034ea8666a786d44a2a9d69f5ff704c3cc74d3416191ccbc5fddc,2026-09-26
data_raw/mars_geol/extracted/SIM3292_MarsGlobalGeologicGIS_20M/SIM3292_Shapefiles/SIM3292_Global_Geology.sbx,1612,d9c5ea3d4386f1dfb72ec4ca53481fb402bd455291ad4d3d61cd70cb6a08791b,2026-09-26
data_raw/mars_geol/extracted/SIM3292_MarsGlobalGeologicGIS_20M/SIM3292_Shapefiles/SIM3292_Global_Geology.shp,63803656,9c0fbc204c1c7f108a854036d85f44c77531e85e0c03959eaea2b6cd33197f3a,2026-09-26
data_raw/mars_geol/extracted/SIM3292_MarsGlobalGeologicGIS_20M/SIM3292_Shapefiles/SIM3292_Global_Geology.shp.xml,53319,b568de11e1e151e9dff06908d26365711d1e9845a5097154308af64f76969eab,2026-09-26
data_raw/mars_geol/extracted/SIM3292_MarsGlobalGeologicGIS_20M/SIM3292_Shapefiles/SIM3292_Global_Geology.shx,10588,c6e40da9148010bf93ac1cf57b4976635574e9b1977e5eef75c3930212011935,2026-09-26
data_raw/mars_geol/extracted/SIM3292_MarsGlobalGeologicGIS_20M/SIM3292_Shapefiles/SIM3292_Global_Landing_sites.dbf,3081,28ac0ca745c3cc9046f65201c1c9055b13972d88d0bbeeffbfa96e02baf9d123,2026-09-26
data_raw/mars_geol/extracted/SIM3292_MarsGlobalGeologicGIS_20M/SIM3292_Shapefiles/SIM3292_Global_Landing_sites.prj,176,2fb085b6ac6c8594c2e411b1c99b35093b1ff01ba125b06e1b57328a2dc8f8bc,2026-09-26
data_raw/mars_geol/extracted/SIM3292_MarsGlobalGeologicGIS_20M/SIM3292_Shapefiles/SIM3292_Global_Landing_sites.sbn,220,3f5690f1a20138496f4afc31ca48fb4584a94cac93d640ee880f0cc91015dfbb,2026-09-26
data_raw/mars_geol/extracted/SIM3292_MarsGlobalGeologicGIS_20M/SIM3292_Shapefiles/SIM3292_Global_Landing_sites.sbx,124,dda3d1d3fc94b5f11ad282dcb0646808f5020267e2a63eb418c8b7413884d446,2026-09-26
data_raw/mars_geol/extracted/SIM3292_MarsGlobalGeologicGIS_20M/SIM3292_Shapefiles/SIM3292_Global_Landing_sites.shp,676,dc35042b6f2c058a619502f3e12198e9c9abc23412c99eea0d16f243cafc4c14,2026-09-26
data_raw/mars_geol/extracted/SIM3292_MarsGlobalGeologicGIS_20M/SIM3292_Shapefiles/SIM3292_Global_Landing_sites.shp.xml,8813,f35186a576b6b2bf9e2b2dd34cc4673ae5b2a329bc747e6ab4fa5083791c0fbd,2026-09-26
data_raw/mars_geol/extracted/SIM3292_MarsGlobalGeologicGIS_20M/SIM3292_Shapefiles/SIM3292_Global_Landing_sites.shx,172,ea1adb4cfedc123a501b4eb950c158f3b358c5e4ae4ee4563ac3daa8cc095205,2026-09-26
data_raw/mars_geol/extracted/SIM3292_MarsGlobalGeologicGIS_20M/SIM3292_Shapefiles/SIM3292_Global_Structure.dbf,905726,bd5e6359150596af5ad42f7175fc5bca055717d631c8b7dc5e92e8c8060ba6d6,2026-09-26
data_raw/mars_geol/extracted/SIM3292_MarsGlobalGeologicGIS_20M/SIM3292_Shapefiles/SIM3292_Global_Structure.prj,176,2fb085b6ac6c8594c2e411b1c99b35093b1ff01ba125b06e1b57328a2dc8f8bc,2026-09-26
data_raw/mars_geol/extracted/SIM3292_MarsGlobalGeologicGIS_20M/SIM3292_Shapefiles/SIM3292_Global_Structure.sbn,35908,30470ba08efe5534148edb98ef352ba5e0add7ea73addd56596d64e41ad8f20a,2026-09-26
data_raw/mars_geol/extracted/SIM3292_MarsGlobalGeologicGIS_20M/SIM3292_Shapefiles/SIM3292_Global_Structure.sbx,3108,5d437177ebb174dbe1ccf3c2d5be1f60cfdb3c09aecfd65e7daad4df37bb952c,2026-09-26
data_raw/mars_geol/extracted/SIM3292_MarsGlobalGeologicGIS_20M/SIM3292_Shapefiles/SIM3292_Global_Structure.shp,11319800,f41953d2a5daa96de5e18f10425e23f996864c567a4c6f428a9504d66a09395d,2026-09-26
data_raw/mars_geol/extracted/SIM3292_MarsGlobalGeologicGIS_20M/SIM3292_Shapefiles/SIM3292_Global_Structure.shp.xml,51079,f04860a6444863e57b8b8b7fc702e88b861485a8e80e3dd42d97ac63c18fd28a,2026-09-26
data_raw/mars_geol/extracted/SIM3292_MarsGlobalGeologicGIS_20M/SIM3292_Shapefiles/SIM3292_Global_Structure.shx,28844,551a961412d949a7427e8c2587592b6d1b2e4cb90e4812fa514beb682a12b191,2026-09-26
data_raw/mars_geol/extracted/SIM3292_MarsGlobalGeologicGIS_20M/SIM3292_geodatabase.gdb/a00000001.TablesByName.atx,12310,efaf4cef375c30392b2219f0b5bd3cffc8741e026db43062f708b93686d0f067,2026-09-26
data_raw/mars_geol/extracted/SIM3292_MarsGlobalGeologicGIS_20M/SIM3292_geodatabase.gdb/a00000001.freelist,12632,21556614e0a93e5566a1e83e52d2b1964ab530e26e4d735f04bf59aa99a59fec,2026-09-26
data_raw/mars_geol/extracted/SIM3292_MarsGlobalGeologicGIS_20M/SIM3292_geodatabase.gdb/a00000001.gdbindexes,110,80ba95b873e151074244f7655f9e29ce8967aab1bd57ff4c06a329b723a3d46c,2026-09-26
data_raw/mars_geol/extracted/SIM3292_MarsGlobalGeologicGIS_20M/SIM3292_geodatabase.gdb/a00000001.gdbtable,1387,656b887ea3ce9fba6380e23185b6fbc2fded7291fb1dc19e065c040de2108512,2026-09-26
data_raw/mars_geol/extracted/SIM3292_MarsGlobalGeologicGIS_20M/SIM3292_geodatabase.gdb/a00000001.gdbtablx,5152,0c567b6d9600d1a3b1f90cf0323a51f2a216e02a2ed531faf4b7f519b48146a4,2026-09-26
data_raw/mars_geol/extracted/SIM3292_MarsGlobalGeologicGIS_20M/SIM3292_geodatabase.gdb/a00000002.gdbtable,2055,9efa50dc62a40e109a546054943ae5ad4b3d41aa81ece0dfa026b7b23cb09da8,2026-09-26
data_raw/mars_geol/extracted/SIM3292_MarsGlobalGeologicGIS_20M/SIM3292_geodatabase.gdb/a00000002.gdbtablx,5152,f3ac9865dec6ab40e73d91dd1f5c2eef0248e66e359d4abb1d97edba92b5df88,2026-09-26
data_raw/mars_geol/extracted/SIM3292_MarsGlobalGeologicGIS_20M/SIM3292_geodatabase.gdb/a00000003.gdbindexes,42,de0911d18e2f304380c04ae123ea18057d262d788301f7cc3148298231c7c618,2026-09-26
data_raw/mars_geol/extracted/SIM3292_MarsGlobalGeologicGIS_20M/SIM3292_geodatabase.gdb/a00000003.gdbtable,2920,b0711517cfeeba6c6db97de858421042b363840bd2fa30625db5965ad4b8f127,2026-09-26
data_raw/mars_geol/extracted/SIM3292_MarsGlobalGeologicGIS_20M/SIM3292_geodatabase.gdb/a00000003.gdbtablx,5152,01b732b0e948ed814f35c116ba1f3b3234d17a0b6b69fa0622986d6a7614744b,2026-09-26
data_raw/mars_geol/extracted/SIM3292_MarsGlobalGeologicGIS_20M/SIM3292_geodatabase.gdb/a00000004.CatItemsByPhysicalName.atx,12310,b75e46f99fc8f37b39a15b4ffcb0bfe791ab625d8a9b5a8cc5485be0f9295e42,2026-09-26
data_raw/mars_geol/extracted/SIM3292_MarsGlobalGeologicGIS_20M/SIM3292_geodatabase.gdb/a00000004.CatItemsByType.atx,4118,e4d622b37ae1bd8090621b7b2c6f2046a681d80ad4290f5fe7092ea77ca449f7,2026-09-26
data_raw/mars_geol/extracted/SIM3292_MarsGlobalGeologicGIS_20M/SIM3292_geodatabase.gdb/a00000004.FDO_UUID.atx,4118,f2082f802e48b27dc8dd77c74bfee8fc43d2c5a7e59cf236ebb6aa28e62c0a6f,2026-09-26
data_raw/mars_geol/extracted/SIM3292_MarsGlobalGeologicGIS_20M/SIM3292_geodatabase.gdb/a00000004.freelist,78168,e1e85fec914388005269cd3b6e3f67e1e2bbcf158a8a4433d3f5fbd552414a5a,2026-09-26
data_raw/mars_geol/extracted/SIM3292_MarsGlobalGeologicGIS_20M/SIM3292_geodatabase.gdb/a00000004.gdbindexes,310,f29887c93b126a3feb0e20958cd73cc774f76ab79284b9c7286dc12eb05db858,2026-09-26
data_raw/mars_geol/extracted/SIM3292_MarsGlobalGeologicGIS_20M/SIM3292_geodatabase.gdb/a00000004.gdbtable,2694714,460299f485f84585ff08b6f6057f98011bbec30c7b079d818fa790f485cfeb1f,2026-09-26
data_raw/mars_geol/extracted/SIM3292_MarsGlobalGeologicGIS_20M/SIM3292_geodatabase.gdb/a00000004.gdbtablx,5152,657b38672a4e86712c2339ecec7854656721385da68770862bda7a0eb4a5d247,2026-09-26
data_raw/mars_geol/extracted/SIM3292_MarsGlobalGeologicGIS_20M/SIM3292_geodatabase.gdb/a00000004.spx,151574,5e7ecf52cc6c16f24a93dc51df456b2a2e0a5c6988dad367c3a5a65e6bc16a97,2026-09-26
data_raw/mars_geol/extracted/SIM3292_MarsGlobalGeologicGIS_20M/SIM3292_geodatabase.gdb/a00000005.CatItemTypesByName.atx,12310,57549a7ff10cbe3dc5a967ba80f55ab8ecc96e3123859163ded09aab6135f09a,2026-09-26
data_raw/mars_geol/extracted/SIM3292_MarsGlobalGeologicGIS_20M/SIM3292_geodatabase.gdb/a00000005.CatItemTypesByParentTypeID.atx,4118,93805c27d11b5ca4f031b58c86886e18c71de05eb03010d0389b6278c2836232,2026-09-26
data_raw/mars_geol/extracted/SIM3292_MarsGlobalGeologicGIS_20M/SIM3292_geodatabase.gdb/a00000005.CatItemTypesByUUID.atx,4118,9f6e44adb4f9fc8781cfee8ffba3d81297f2e220e57c2ca80d4fef556d02949d,2026-09-26
data_raw/mars_geol/extracted/SIM3292_MarsGlobalGeologicGIS_20M/SIM3292_geodatabase.gdb/a00000005.gdbindexes,296,c21e650994b48cc72d174b3caf2ac1bd19e2d7305c8087aaae97e24caecf98a5,2026-09-26
data_raw/mars_geol/extracted/SIM3292_MarsGlobalGeologicGIS_20M/SIM3292_geodatabase.gdb/a00000005.gdbtable,1803,5e1fd72371746cbb4b5804c869b3d177c98becfe29e22ecbc8873141288ead60,2026-09-26
data_raw/mars_geol/extracted/SIM3292_MarsGlobalGeologicGIS_20M/SIM3292_geodatabase.gdb/a00000005.gdbtablx,5152,a072cd84ba66fabfa41f883cc8834a562e022c062ea5df7b29678689688a1016,2026-09-26
data_raw/mars_geol/extracted/SIM3292_MarsGlobalGeologicGIS_20M/SIM3292_geodatabase.gdb/a00000006.CatRelsByDestinationID.atx,4118,9ee4d96c5216029415c863c8d7ed0ee9f98c46d77c154bca91ba4b1a4d1d6d51,2026-09-26
data_raw/mars_geol/extracted/SIM3292_MarsGlobalGeologicGIS_20M/SIM3292_geodatabase.gdb/a00000006.CatRelsByOriginID.atx,4118,4885899a34c51e944b1e7cc60c913c3ca4a9f7fa67345a3410433d361cd4f202,2026-09-26
data_raw/mars_geol/extracted/SIM3292_MarsGlobalGeologicGIS_20M/SIM3292_geodatabase.gdb/a00000006.CatRelsByType.atx,4118,3fa9a59f1f1e6a027869800a29eaef4716d0edb3b1aea4c54d30e9bdeb1163b2,2026-09-26
data_raw/mars_geol/extracted/SIM3292_MarsGlobalGeologicGIS_20M/SIM3292_geodatabase.gdb/a00000006.FDO_UUID.atx,4118,304660e66e55742e4ab125ba4bf5d864fd1fbd8acc822f3c67d5f212111d6492,2026-09-26
data_raw/mars_geol/extracted/SIM3292_MarsGlobalGeologicGIS_20M/SIM3292_geodatabase.gdb/a00000006.freelist,4440,5cbf52813e18903f16d1aba45f7a6acef415264172842b7f82745654f58d9693,2026-09-26
data_raw/mars_geol/extracted/SIM3292_MarsGlobalGeologicGIS_20M/SIM3292_geodatabase.gdb/a00000006.gdbindexes,318,1919a00326f198a90dc97545ec448c10b2b90d367020222212f7b00433fe09b5,2026-09-26
data_raw/mars_geol/extracted/SIM3292_MarsGlobalGeologicGIS_20M/SIM3292_geodatabase.gdb/a00000006.gdbtable,5811,f578114a301ab883fee41145b4b3410192221a45bb09a7eb6739e089a1497247,2026-09-26
data_raw/mars_geol/extracted/SIM3292_MarsGlobalGeologicGIS_20M/SIM3292_geodatabase.gdb/a00000006.gdbtablx,5152,7c7668a5d2905b88b87f71b56cb2f48bd393ce0f856c7559dc27dce8093e7b46,2026-09-26
data_raw/mars_geol/extracted/SIM3292_MarsGlobalGeologicGIS_20M/SIM3292_geodatabase.gdb/a00000007.CatRelTypesByBackwardLabel.atx,4118,6ecc57842e5bd0fb208f5d56d01d42616253bcc3b848b9251088389f670e756d,2026-09-26
data_raw/mars_geol/extracted/SIM3292_MarsGlobalGeologicGIS_20M/SIM3292_geodatabase.gdb/a00000007.CatRelTypesByDestItemTypeID.atx,4118,64402c3a49fb6433be3b7a16632778ad6a4a91813e66687e0d903c46dd1987ed,2026-09-26
data_raw/mars_geol/extracted/SIM3292_MarsGlobalGeologicGIS_20M/SIM3292_geodatabase.gdb/a00000007.CatRelTypesByForwardLabel.atx,4118,2f9a413fd14cf6961ae5994919eea651df6a3ae0e05eea3f4752e929568e0bc4,2026-09-26
data_raw/mars_geol/extracted/SIM3292_MarsGlobalGeologicGIS_20M/SIM3292_geodatabase.gdb/a00000007.CatRelTypesByName.atx,4118,ed098ad0a998d97a9907e46251dfad16394c08467e5b4acc6d56c8043206eb6d,2026-09-26
data_raw/mars_geol/extracted/SIM3292_MarsGlobalGeologicGIS_20M/SIM3292_geodatabase.gdb/a00000007.CatRelTypesByOriginItemTypeID.atx,4118,a4c3e7cf92cd805ce2822261511ba6e33c384fab680f5a3a93336fbbf30774b1,2026-09-26
data_raw/mars_geol/extracted/SIM3292_MarsGlobalGeologicGIS_20M/SIM3292_geodatabase.gdb/a00000007.CatRelTypesByUUID.atx,4118,33aad2794cbc132c12baaa2738d75b98c360e40926c43271a78159cc5d1b8f12,2026-09-26
data_raw/mars_geol/extracted/SIM3292_MarsGlobalGeologicGIS_20M/SIM3292_geodatabase.gdb/a00000007.gdbindexes,602,dc98e24d04eddd7f38905d176c1ea43c547a3a2daa0c80091a20d3443c726621,2026-09-26
data_raw/mars_geol/extracted/SIM3292_MarsGlobalGeologicGIS_20M/SIM3292_geodatabase.gdb/a00000007.gdbtable,2504,7a2ced6672142f9631189551eb7520b07d44cc9a8313f80d951831d5f484b07b,2026-09-26
data_raw/mars_geol/extracted/SIM3292_MarsGlobalGeologicGIS_20M/SIM3292_geodatabase.gdb/a00000007.gdbtablx,5152,7ac3fddd894bac8bc0a6348cdcf4bb3e44d6c3dfbe57fc7287372d9ae4083f81,2026-09-26
data_raw/mars_geol/extracted/SIM3292_MarsGlobalGeologicGIS_20M/SIM3292_geodatabase.gdb/a00000009.AnnoClassID_Index_8.atx,4118,2f76f453ab5197dc95e9be9dbd7645b843a690bd4d11ee80fc56fa4000d43f78,2026-09-26
data_raw/mars_geol/extracted/SIM3292_MarsGlobalGeologicGIS_20M/SIM3292_geodatabase.gdb/a00000009.Status_Index_8.atx,4118,e52bbc20a15d34a60046c392a259e9d1b8e62e4f6ae4708dfc6ead3d9a69c1ed,2026-09-26
data_raw/mars_geol/extracted/SIM3292_MarsGlobalGeologicGIS_20M/SIM3292_geodatabase.gdb/a00000009.gdbindexes,272,8424066b1126f05b5e866ea6e323ee8268456dce78dd69b3bd0f8ab4b9468553,2026-09-26
data_raw/mars_geol/extracted/SIM3292_MarsGlobalGeologicGIS_20M/SIM3292_geodatabase.gdb/a00000009.gdbtable,18055,1fb33a2d0e2d23bf3439a83089d1216142d808d2ac9d5e6161cd6de0fccd9bff,2026-09-26
data_raw/mars_geol/extracted/SIM3292_MarsGlobalGeologicGIS_20M/SIM3292_geodatabase.gdb/a00000009.gdbtablx,5152,58ca0f826272f806f7bfbee8ac80d1bf3850fd4929ad71b4f95cd32adae6d0a9,2026-09-26
data_raw/mars_geol/extracted/SIM3292_MarsGlobalGeologicGIS_20M/SIM3292_geodatabase.gdb/a00000009.spx,4118,827af35f3cd564c04ab1d13a141fed21e0608e3cff6a7591e085ea51b7c3e13a,2026-09-26
data_raw/mars_geol/extracted/SIM3292_MarsGlobalGeologicGIS_20M/SIM3292_geodatabase.gdb/a0000000a.AnnoClassID_Index_9.atx,4118,c6a701a31db3fe40753cb43a5e289f4e87badb556143ae07812976a1b939f475,2026-09-26
data_raw/mars_geol/extracted/SIM3292_MarsGlobalGeologicGIS_20M/SIM3292_geodatabase.gdb/a0000000a.Status_Index_9.atx,4118,cacd4b48d6ced14062bcf1601491e22943b422e2848af77628cfa301efdec210,2026-09-26
data_raw/mars_geol/extracted/SIM3292_MarsGlobalGeologicGIS_20M/SIM3292_geodatabase.gdb/a0000000a.freelist,29016,1931b275e8da149f458582dd642df34239c8e8cc4127ee2cb4e8a722af5d9657,2026-09-26
data_raw/mars_geol/extracted/SIM3292_MarsGlobalGeologicGIS_20M/SIM3292_geodatabase.gdb/a0000000a.gdbindexes,272,536d7fb50de6fccdb0c6ef2cfc3af17300f56481f16262d8eb41451a090f4868,2026-09-26
data_raw/mars_geol/extracted/SIM3292_MarsGlobalGeologicGIS_20M/SIM3292_geodatabase.gdb/a0000000a.gdbtable,122038,cd6acfcbbd8878ab3cbaa19181cd428099d36be8029b802aeca8cab833850ee2,2026-09-26
data_raw/mars_geol/extracted/SIM3292_MarsGlobalGeologicGIS_20M/SIM3292_geodatabase.gdb/a0000000a.gdbtablx,5152,2ef2d0e72a0da6e537fe573e28be6ca37ced31a94a8ed01837a5870312dc4509,2026-09-26
data_raw/mars_geol/extracted/SIM3292_MarsGlobalGeologicGIS_20M/SIM3292_geodatabase.gdb/a0000000a.spx,4118,b46ba4342c81d453fe0d127ac58c9c6a501101e8b8d0074b9513a2a1dd406a27,2026-09-26
data_raw/mars_geol/extracted/SIM3292_MarsGlobalGeologicGIS_20M/SIM3292_geodatabase.gdb/a0000000b.AnnoClassID_Index_10.atx,20502,6f22b5be28f7d45c78e818ced8126d38b7ca39900ac61b5bb05a3d3a9e742605,2026-09-26
data_raw/mars_geol/extracted/SIM3292_MarsGlobalGeologicGIS_20M/SIM3292_geodatabase.gdb/a0000000b.Status_Index_10.atx,16406,36e895acf9a05837c75f6ce5ae14d7866e4032b6547995adf9d019c314120632,2026-09-26
data_raw/mars_geol/extracted/SIM3292_MarsGlobalGeologicGIS_20M/SIM3292_geodatabase.gdb/a0000000b.gdbindexes,276,1ff04bdaafa3840bc0355129046538aa0b3d699bb9c4461e47d838174fb4547e,2026-09-26
data_raw/mars_geol/extracted/SIM3292_MarsGlobalGeologicGIS_20M/SIM3292_geodatabase.gdb/a0000000b.gdbtable,596716,2bbd87d686e01dc5aaf26473728d8de45a4cd30ab79d1e37c195229fc6d898a6,2026-09-26
data_raw/mars_geol/extracted/SIM3292_MarsGlobalGeologicGIS_20M/SIM3292_geodatabase.gdb/a0000000b.gdbtablx,10272,ccbdac3eea8c797ac60028506ce2561adb747ea09be566246dc7ceb31ac40758,2026-09-26
data_raw/mars_geol/extracted/SIM3292_MarsGlobalGeologicGIS_20M/SIM3292_geodatabase.gdb/a0000000b.spx,45078,b8b4e739c1de5c4083257c425fc4ecded9fb73841a169d432f1f73d3b37fd717,2026-09-26
data_raw/mars_geol/extracted/SIM3292_MarsGlobalGeologicGIS_20M/SIM3292_geodatabase.gdb/a0000000e.gdbindexes,116,760bd4864717c60d5e7c0c6461a622062680e6f79f51250f49456aa609b43774,2026-09-26
data_raw/mars_geol/extracted/SIM3292_MarsGlobalGeologicGIS_20M/SIM3292_geodatabase.gdb/a0000000e.gdbtable,36010,34d484117efcd9a61315697d7e8c035a0dfbbde69155764fc65e24d3ecae4838,2026-09-26
data_raw/mars_geol/extracted/SIM3292_MarsGlobalGeologicGIS_20M/SIM3292_geodatabase.gdb/a0000000e.gdbtablx,10272,bc2c59539717481704794d3296338fff12e87059ab36d0afb5d21e6b713005f8,2026-09-26
data_raw/mars_geol/extracted/SIM3292_MarsGlobalGeologicGIS_20M/SIM3292_geodatabase.gdb/a0000000e.spx,20502,8affefb8effb75830963b9d348c21b02bf4c722bf17ec4ffb9dbfd0115e4cbee,2026-09-26
data_raw/mars_geol/extracted/SIM3292_MarsGlobalGeologicGIS_20M/SIM3292_geodatabase.gdb/a0000000f.gdbindexes,116,760bd4864717c60d5e7c0c6461a622062680e6f79f51250f49456aa609b43774,2026-09-26
data_raw/mars_geol/extracted/SIM3292_MarsGlobalGeologicGIS_20M/SIM3292_geodatabase.gdb/a0000000f.gdbtable,2539,9ddb9c1f04b58ae33f7113f092ce6036db6af8a041d30d843d7062700e02beb8,2026-09-26
data_raw/mars_geol/extracted/SIM3292_MarsGlobalGeologicGIS_20M/SIM3292_geodatabase.gdb/a0000000f.gdbtablx,5152,f0bf43c8c9287060d97f9c0a8de7b4e016e2affa065b2c5df5b28270142fb1b5,2026-09-26
data_raw/mars_geol/extracted/SIM3292_MarsGlobalGeologicGIS_20M/SIM3292_geodatabase.gdb/a0000000f.spx,4118,027866f78134de031571290fab2599ab7879bd7df84030ee324b233b891058aa,2026-09-26
data_raw/mars_geol/extracted/SIM3292_MarsGlobalGeologicGIS_20M/SIM3292_geodatabase.gdb/a00000019.I27AnnotationCla.atx,4118,5a6e4c12ac54ab69012a625cd3a0a9022f5074f76cee5c31e7310f19832ece58,2026-09-26
data_raw/mars_geol/extracted/SIM3292_MarsGlobalGeologicGIS_20M/SIM3292_geodatabase.gdb/a00000019.I27Status.atx,4118,cacd4b48d6ced14062bcf1601491e22943b422e2848af77628cfa301efdec210,2026-09-26
data_raw/mars_geol/extracted/SIM3292_MarsGlobalGeologicGIS_20M/SIM3292_geodatabase.gdb/a00000019.gdbindexes,256,09cc0b9d78ab10f5f26869c8fe9f53f3e7415f7766986f53eaecb5163ca201bd,2026-09-26
data_raw/mars_geol/extracted/SIM3292_MarsGlobalGeologicGIS_20M/SIM3292_geodatabase.gdb/a00000019.gdbtable,106818,e25b82b44c6f152ad374c64af8c329192432aae68a1db216707a591f9bdd1388,2026-09-26
data_raw/mars_geol/extracted/SIM3292_MarsGlobalGeologicGIS_20M/SIM3292_geodatabase.gdb/a00000019.gdbtablx,5152,eb896da49cbc3c5092ae993c6c2dafdefd818763d603a8d7e19280e6794a6129,2026-09-26
data_raw/mars_geol/extracted/SIM3292_MarsGlobalGeologicGIS_20M/SIM3292_geodatabase.gdb/a00000019.spx,4118,463ea09a127ce12513bdbabe829a719c04c7c87f20ae8f1c3680f3b4b72454c2,2026-09-26
data_raw/mars_geol/extracted/SIM3292_MarsGlobalGeologicGIS_20M/SIM3292_geodatabase.gdb/a0000001a.I28AnnotationCla.atx,4118,5a6e4c12ac54ab69012a625cd3a0a9022f5074f76cee5c31e7310f19832ece58,2026-09-26
data_raw/mars_geol/extracted/SIM3292_MarsGlobalGeologicGIS_20M/SIM3292_geodatabase.gdb/a0000001a.I28Status.atx,4118,cacd4b48d6ced14062bcf1601491e22943b422e2848af77628cfa301efdec210,2026-09-26
data_raw/mars_geol/extracted/SIM3292_MarsGlobalGeologicGIS_20M/SIM3292_geodatabase.gdb/a0000001a.gdbindexes,256,97648de7278b5da59761906b344ba44e186a22d840e3356c55e191ed74d48a1e,2026-09-26
data_raw/mars_geol/extracted/SIM3292_MarsGlobalGeologicGIS_20M/SIM3292_geodatabase.gdb/a0000001a.gdbtable,106818,e25b82b44c6f152ad374c64af8c329192432aae68a1db216707a591f9bdd1388,2026-09-26
data_raw/mars_geol/extracted/SIM3292_MarsGlobalGeologicGIS_20M/SIM3292_geodatabase.gdb/a0000001a.gdbtablx,5152,eb896da49cbc3c5092ae993c6c2dafdefd818763d603a8d7e19280e6794a6129,2026-09-26
data_raw/mars_geol/extracted/SIM3292_MarsGlobalGeologicGIS_20M/SIM3292_geodatabase.gdb/a0000001a.spx,4118,463ea09a127ce12513bdbabe829a719c04c7c87f20ae8f1c3680f3b4b72454c2,2026-09-26
data_raw/mars_geol/extracted/SIM3292_MarsGlobalGeologicGIS_20M/SIM3292_geodatabase.gdb/a0000001b.I30AnnotationCla.atx,4118,ee921010e9fa8bcf1795b2f1404541ef463d6ac6c6505a3147ee0e62d93f8610,2026-09-26
data_raw/mars_geol/extracted/SIM3292_MarsGlobalGeologicGIS_20M/SIM3292_geodatabase.gdb/a0000001b.I30Status.atx,4118,f4088d2ff452cf2365f07b589faeda6a57b9a2ede4ce041f0c9a7a877bd7e4bc,2026-09-26
data_raw/mars_geol/extracted/SIM3292_MarsGlobalGeologicGIS_20M/SIM3292_geodatabase.gdb/a0000001b.gdbindexes,256,8cc086e967b29c5202a0a54ee0339bf35c987cf7e586b097a5338ca0ad82c681,2026-09-26
data_raw/mars_geol/extracted/SIM3292_MarsGlobalGeologicGIS_20M/SIM3292_geodatabase.gdb/a0000001b.gdbtable,18937,721ffd472ca06d7c6ca6bd623f1cb14f53aa51ece353a12a734867cf0eb50036,2026-09-26
data_raw/mars_geol/extracted/SIM3292_MarsGlobalGeologicGIS_20M/SIM3292_geodatabase.gdb/a0000001b.gdbtablx,5152,ae18893d3ba9ef42b26de17a4683b2ca77d49589eb9bd7ad2a9fb2da1d41a0b3,2026-09-26
data_raw/mars_geol/extracted/SIM3292_MarsGlobalGeologicGIS_20M/SIM3292_geodatabase.gdb/a0000001b.spx,4118,4afe7c03a0caa22b6866912dbd08597dbc6af54e8219fa8e26b0962be29e88b6,2026-09-26
data_raw/mars_geol/extracted/SIM3292_MarsGlobalGeologicGIS_20M/SIM3292_geodatabase.gdb/a0000001c.I31AnnotationCla.atx,4118,bfd1234433b8b793177203e17164553d51b14e551d012b0513a8fd0863853071,2026-09-26
data_raw/mars_geol/extracted/SIM3292_MarsGlobalGeologicGIS_20M/SIM3292_geodatabase.gdb/a0000001c.I31Status.atx,4118,a3985576a6b1d520fcf83d82e8104fe45df96cdf13749478e1529c1c2e46772c,2026-09-26
data_raw/mars_geol/extracted/SIM3292_MarsGlobalGeologicGIS_20M/SIM3292_geodatabase.gdb/a0000001c.gdbindexes,256,50856e1ecc045fc9538e5b089a923c074b5a39fed31457684ae25c8d1bd1af70,2026-09-26
data_raw/mars_geol/extracted/SIM3292_MarsGlobalGeologicGIS_20M/SIM3292_geodatabase.gdb/a0000001c.gdbtable,21536,808c82f61415e2a6a350201b93c1e80fb00c0c5ee04e0de7702b302a403b4965,2026-09-26
data_raw/mars_geol/extracted/SIM3292_MarsGlobalGeologicGIS_20M/SIM3292_geodatabase.gdb/a0000001c.gdbtablx,10272,a8b9b27ad700f00c78b0eb12aa785017ee82a0b5c27df4e1e4e06ec6c85b30c0,2026-09-26
data_raw/mars_geol/extracted/SIM3292_MarsGlobalGeologicGIS_20M/SIM3292_geodatabase.gdb/a0000001c.spx,4118,4f89b8e64fc2913471c4972beb4550dd6b18e281f588b96092bf3cbdb36f99f4,2026-09-26
data_raw/mars_geol/extracted/SIM3292_MarsGlobalGeologicGIS_20M/SIM3292_geodatabase.gdb/a0000001d.I32AnnotationCla.atx,4118,0a4180bd20fb59d6efad8273f43d9bb4d69b5615a989c5521202dfc25758fee6,2026-09-26
data_raw/mars_geol/extracted/SIM3292_MarsGlobalGeologicGIS_20M/SIM3292_geodatabase.gdb/a0000001d.I32Status.atx,4118,af47d882a6e4c6ea09b3341e73ab2e7d24b19c3fd105f0c0d43f171db5d627e2,2026-09-26
data_raw/mars_geol/extracted/SIM3292_MarsGlobalGeologicGIS_20M/SIM3292_geodatabase.gdb/a0000001d.gdbindexes,256,927bb5f317241b829343f16380e571449722d8bf246867a7a38e404c432bf05c,2026-09-26
data_raw/mars_geol/extracted/SIM3292_MarsGlobalGeologicGIS_20M/SIM3292_geodatabase.gdb/a0000001d.gdbtable,2853,12ee28705b1113ac652c591521e14d0b0973182cfe63b5ed91ff8ba082fbde62,2026-09-26
data_raw/mars_geol/extracted/SIM3292_MarsGlobalGeologicGIS_20M/SIM3292_geodatabase.gdb/a0000001d.gdbtablx,5152,12146d581818074c2e2cb9b64920b5b66e17c0ac1310b735796cec6feb134291,2026-09-26
data_raw/mars_geol/extracted/SIM3292_MarsGlobalGeologicGIS_20M/SIM3292_geodatabase.gdb/a0000001d.spx,4118,5f3d34176d778b3002a5b97c4e8ded78e2a168f22e899a3acac761e2e1dba241,2026-09-26
data_raw/mars_geol/extracted/SIM3292_MarsGlobalGeologicGIS_20M/SIM3292_geodatabase.gdb/a0000001e.I34AnnotationCla.atx,4118,1142037144be469010bc3fd9cf769a577ee4d43bc4e85c248059adcc406eaf3c,2026-09-26
data_raw/mars_geol/extracted/SIM3292_MarsGlobalGeologicGIS_20M/SIM3292_geodatabase.gdb/a0000001e.I34Status.atx,4118,f4088d2ff452cf2365f07b589faeda6a57b9a2ede4ce041f0c9a7a877bd7e4bc,2026-09-26
data_raw/mars_geol/extracted/SIM3292_MarsGlobalGeologicGIS_20M/SIM3292_geodatabase.gdb/a0000001e.freelist,4440,27e0b7d5c1ff1bfb039a94db42797752a4da53352f908b9ed0c2a89095213fc1,2026-09-26
data_raw/mars_geol/extracted/SIM3292_MarsGlobalGeologicGIS_20M/SIM3292_geodatabase.gdb/a0000001e.gdbindexes,256,bc8e0389211157a70f07d94fbfcd6f31034b94065eadc6da7412c17962c42824,2026-09-26
data_raw/mars_geol/extracted/SIM3292_MarsGlobalGeologicGIS_20M/SIM3292_geodatabase.gdb/a0000001e.gdbtable,16286,56c38c57950365c5309086dc580c0a371436651ae02556a5e5363df7dd385f39,2026-09-26
data_raw/mars_geol/extracted/SIM3292_MarsGlobalGeologicGIS_20M/SIM3292_geodatabase.gdb/a0000001e.gdbtablx,5152,ae98d8e225095974abcec164f3a41f0b2e749cc13cc70e461c23ec6308a3141e,2026-09-26
data_raw/mars_geol/extracted/SIM3292_MarsGlobalGeologicGIS_20M/SIM3292_geodatabase.gdb/a0000001e.spx,4118,71233875c3c08eace0e42aab30252ac21f7cdb6447ef724cbfea51f94ab54c6c,2026-09-26
data_raw/mars_geol/extracted/SIM3292_MarsGlobalGeologicGIS_20M/SIM3292_geodatabase.gdb/a0000001f.I35AnnotationCla.atx,4118,e42a2f3d7c311f6ab38e1f3602b5b797270485e48ab3558f8305adc587f5a63c,2026-09-26
data_raw/mars_geol/extracted/SIM3292_MarsGlobalGeologicGIS_20M/SIM3292_geodatabase.gdb/a0000001f.I35Status.atx,4118,b66ae93c7edb034c5fe80375fd3729c980766f2581fb07037a4262ed38e0b465,2026-09-26
data_raw/mars_geol/extracted/SIM3292_MarsGlobalGeologicGIS_20M/SIM3292_geodatabase.gdb/a0000001f.gdbindexes,256,502c0ff7e3a0320cad8d22d5cc3fec3e59de25d3fbd4ecb6d30b694d53103920,2026-09-26
data_raw/mars_geol/extracted/SIM3292_MarsGlobalGeologicGIS_20M/SIM3292_geodatabase.gdb/a0000001f.gdbtable,52316,d55b6632f9c3a8c2af91e331cd28bf11146d6d0a570ae0b384782d4c8e04919d,2026-09-26
data_raw/mars_geol/extracted/SIM3292_MarsGlobalGeologicGIS_20M/SIM3292_geodatabase.gdb/a0000001f.gdbtablx,5152,14f07eb6d7f163ce5f4ec2562d8dd25cd44abf53e87df257cfeb3dd954fb80ba,2026-09-26
data_raw/mars_geol/extracted/SIM3292_MarsGlobalGeologicGIS_20M/SIM3292_geodatabase.gdb/a0000001f.spx,4118,d67a3405ed430ab99a20d816e10341880e5f259e31b4e53ffb431ff72eb41ef0,2026-09-26
data_raw/mars_geol/extracted/SIM3292_MarsGlobalGeologicGIS_20M/SIM3292_geodatabase.gdb/a00000020.I36AnnotationCla.atx,4118,0a4180bd20fb59d6efad8273f43d9bb4d69b5615a989c5521202dfc25758fee6,2026-09-26
data_raw/mars_geol/extracted/SIM3292_MarsGlobalGeologicGIS_20M/SIM3292_geodatabase.gdb/a00000020.I36Status.atx,4118,4d0164a424b9d770bb5602c4a4170cef7682cc3f34dc51b9d9c70089741468ba,2026-09-26
data_raw/mars_geol/extracted/SIM3292_MarsGlobalGeologicGIS_20M/SIM3292_geodatabase.gdb/a00000020.gdbindexes,256,b62635e34da8bde297740d45dacaad1d2eee70134a079673eba0758198d441c7,2026-09-26
data_raw/mars_geol/extracted/SIM3292_MarsGlobalGeologicGIS_20M/SIM3292_geodatabase.gdb/a00000020.gdbtable,3437,d6f585b887e7fbfe246999281fde0aaada2c47eed22e8d2d54609a7c79fc3dba,2026-09-26
data_raw/mars_geol/extracted/SIM3292_MarsGlobalGeologicGIS_20M/SIM3292_geodatabase.gdb/a00000020.gdbtablx,5152,c279219bee3028fc3bba58ba655b01fed9eb91b51b108489aa5c1d8e99fbb452,2026-09-26
data_raw/mars_geol/extracted/SIM3292_MarsGlobalGeologicGIS_20M/SIM3292_geodatabase.gdb/a00000020.spx,4118,1263959c35c886c283ef7acd5b088aa87bf644cb992f8cf4b1cb69a172ff363c,2026-09-26
data_raw/mars_geol/extracted/SIM3292_MarsGlobalGeologicGIS_20M/SIM3292_geodatabase.gdb/a00000025.freelist,4440,d5191660c04b48219d2d883043485f30ed8361ed2d90b2820e34773a07f2ad0d,2026-09-26
data_raw/mars_geol/extracted/SIM3292_MarsGlobalGeologicGIS_20M/SIM3292_geodatabase.gdb/a00000025.gdbindexes,116,760bd4864717c60d5e7c0c6461a622062680e6f79f51250f49456aa609b43774,2026-09-26
data_raw/mars_geol/extracted/SIM3292_MarsGlobalGeologicGIS_20M/SIM3292_geodatabase.gdb/a00000025.gdbtable,5746948,30bc6488c7a29bd4e8d99eb993be7884d0c2f60526352ad9bd6afd11d51d6400,2026-09-26
data_raw/mars_geol/extracted/SIM3292_MarsGlobalGeologicGIS_20M/SIM3292_geodatabase.gdb/a00000025.gdbtablx,20512,939c96f7dd3a5833df2bf63a695a8bdf26feb22e04c58ab46bf746b639e8b42b,2026-09-26
data_raw/mars_geol/extracted/SIM3292_MarsGlobalGeologicGIS_20M/SIM3292_geodatabase.gdb/a00000025.spx,77846,36995eb263db73a6f8e7ed9cf41da7b26e2a16d49f444476333e766ddbf7e2e0,2026-09-26
data_raw/mars_geol/extracted/SIM3292_MarsGlobalGeologicGIS_20M/SIM3292_geodatabase.gdb/a00000027.gdbindexes,116,760bd4864717c60d5e7c0c6461a622062680e6f79f51250f49456aa609b43774,2026-09-26
data_raw/mars_geol/extracted/SIM3292_MarsGlobalGeologicGIS_20M/SIM3292_geodatabase.gdb/a00000027.gdbtable,3553,307fbfcdeda3de5ef363fca761bbc620a75c6166a2408e2eaf19f4284032a8a5,2026-09-26
data_raw/mars_geol/extracted/SIM3292_MarsGlobalGeologicGIS_20M/SIM3292_geodatabase.gdb/a00000027.gdbtablx,5152,d01a6f4565c27c1584fe87e3c48baf0ddf0ed75c0403abbab39fc17ede788007,2026-09-26
data_raw/mars_geol/extracted/SIM3292_MarsGlobalGeologicGIS_20M/SIM3292_geodatabase.gdb/a00000027.spx,4118,2e110ab57d52f22b47b95d2baec05090fc01afa3a9073d3b7183a9177f1120d5,2026-09-26
data_raw/mars_geol/extracted/SIM3292_MarsGlobalGeologicGIS_20M/SIM3292_geodatabase.gdb/a0000002c.freelist,4440,a7b6be9b178d0e9cd0495494235e0fd2dbf748c996de9df9e52e5b6483afd878,2026-09-26
data_raw/mars_geol/extracted/SIM3292_MarsGlobalGeologicGIS_20M/SIM3292_geodatabase.gdb/a0000002c.gdbindexes,116,760bd4864717c60d5e7c0c6461a622062680e6f79f51250f49456aa609b43774,2026-09-26
data_raw/mars_geol/extracted/SIM3292_MarsGlobalGeologicGIS_20M/SIM3292_geodatabase.gdb/a0000002c.gdbtable,15263020,d396595d8bc453ea0fc473cf20681e8377ea0d4b2c5f52f04f59a34a7f4b7750,2026-09-26
data_raw/mars_geol/extracted/SIM3292_MarsGlobalGeologicGIS_20M/SIM3292_geodatabase.gdb/a0000002c.gdbtablx,20512,e5c78649b8da8607dd47750f9744af7d3b54e9c93840af9e97be35f1275811bb,2026-09-26
data_raw/mars_geol/extracted/SIM3292_MarsGlobalGeologicGIS_20M/SIM3292_geodatabase.gdb/a0000002c.spx,73750,9b47b125bd896e97173b0a2f3243d2c81e9c6533b321e0ef01900b5dc8d30393,2026-09-26
data_raw/mars_geol/extracted/SIM3292_MarsGlobalGeologicGIS_20M/SIM3292_geodatabase.gdb/a0000002d.freelist,4440,198a4f80e02e111f10faab090664cd4f2b1b101eb3590859d0718afa36955f33,2026-09-26
data_raw/mars_geol/extracted/SIM3292_MarsGlobalGeologicGIS_20M/SIM3292_geodatabase.gdb/a0000002d.gdbindexes,116,760bd4864717c60d5e7c0c6461a622062680e6f79f51250f49456aa609b43774,2026-09-26
data_raw/mars_geol/extracted/SIM3292_MarsGlobalGeologicGIS_20M/SIM3292_geodatabase.gdb/a0000002d.gdbtable,30178788,f38c3467778c7e2f9542fe469dfb5ff3a45be68a4d4379562753dbb4aa7fcb17,2026-09-26
data_raw/mars_geol/extracted/SIM3292_MarsGlobalGeologicGIS_20M/SIM3292_geodatabase.gdb/a0000002d.gdbtablx,10272,dab02f83b99f9f16cbc711651e298133f0bf650d561c6613c004bf30e3e92474,2026-09-26
data_raw/mars_geol/extracted/SIM3292_MarsGlobalGeologicGIS_20M/SIM3292_geodatabase.gdb/a0000002d.spx,24598,6e2b95752ca13fe80e19c63102dfdf89809468f8a307f6a9f747151f28128b11,2026-09-26
data_raw/mars_geol/extracted/SIM3292_MarsGlobalGeologicGIS_20M/SIM3292_geodatabase.gdb/a0000002e.Unit.atx,12310,7be08e282a84ea78682ed840ede8515f20c63816aac951a6c9d61ae784e3bbe6,2026-09-26
data_raw/mars_geol/extracted/SIM3292_MarsGlobalGeologicGIS_20M/SIM3292_geodatabase.gdb/a0000002e.freelist,4440,98213f7b183d60f49166cc1893113af5e64c2d749cd63c1fee63e84d5bfc827c,2026-09-26
data_raw/mars_geol/extracted/SIM3292_MarsGlobalGeologicGIS_20M/SIM3292_geodatabase.gdb/a0000002e.gdbindexes,104,3104f2ee30a6219d98fa0df6cd9c271894dbcd503301cf7dd2121b039ac57901,2026-09-26
data_raw/mars_geol/extracted/SIM3292_MarsGlobalGeologicGIS_20M/SIM3292_geodatabase.gdb/a0000002e.gdbtable,2226,c6a311a817c45dae32efa64ed50921048d4348fc7e24db111a7fcab823b65fd6,2026-09-26
data_raw/mars_geol/extracted/SIM3292_MarsGlobalGeologicGIS_20M/SIM3292_geodatabase.gdb/a0000002e.gdbtablx,5152,168c0b4778a31b1fb95b60a281a39fefecccfb87aee08879c649d26665389aac,2026-09-26
data_raw/mars_geol/extracted/SIM3292_MarsGlobalGeologicGIS_20M/SIM3292_geodatabase.gdb/gdb,4,2594b6a92ebfb1c3312deb7d01c015fb95e9fbe9bd7bc6b527af07813ec7b910,2026-09-26
data_raw/mars_geol/extracted/SIM3292_MarsGlobalGeologicGIS_20M/SIM3292_geodatabase.gdb/timestamps,400,11db1126d0003c159709bd11821a8c8666af387af624f58f63f1f108dc5d9a8f,2026-09-26
data_raw/mars_geol/extracted/SIM3292_MarsGlobalGeologicGIS_20M/SIM3292_metadata.txt,14450,b94f9adc7c8793dcc1ee0e3b4f75866ecb3aa739b8c8255d96d388b9aa0f1395,2026-09-26
data_raw/mars_geol/extracted/SIM3292_MarsGlobalGeologicGIS_20M/SIM3292_metadata.xml,15025,011a7566f4a27b3c1600f0b919986682a76d19479574c1421bda6213b6e6b748,2026-09-26
data_raw/mars_geol/sim3292_database.zip,808910442,ef75f059b1f2f5a47aff55e6c6e39500cf1ab65e743fabc5d463b97bc10b6541,2026-09-26
data_raw/mars_hydro/lakes_csv/Goudge_et_al_2016_Geology_CBL_OBL_Catalogue.csv,27608,445203309f87f1100ca6871adb32503b03aa737d15a9e374d37753153da33a32,2026-09-26
data_raw/mars_hydro/lakes_csv.zip,4854,e6c026b5eeef638cb8e95b2aa9b0e2af4882343ef35502660d437b668207e0c6,2026-09-26
data_raw/mars_hydro/lakes_shp/Goudge_et_al_2016_Geology_CBL_OBL_Catalogue.cpg,5,3ad3031f5503a4404af825262ee8232cc04d4ea6683d42c5dd0a2f2a27ac9824,2026-09-26
data_raw/mars_hydro/lakes_shp/Goudge_et_al_2016_Geology_CBL_OBL_Catalogue.dbf,399461,4a977993dfc5b09d68244777caa2f2403f4cb5e1c5503700f9197846d2e64fcb,2026-09-26
data_raw/mars_hydro/lakes_shp/Goudge_et_al_2016_Geology_CBL_OBL_Catalogue.prj,169,9791e99707d7934d89c9775f1b1f5e2852a026f8a64415fe1c8cddf6c8f4d5ff,2026-09-26
data_raw/mars_hydro/lakes_shp/Goudge_et_al_2016_Geology_CBL_OBL_Catalogue.sbn,4260,08a594c486b99a04f6acde47f78e16774ccde072a2c19992bbc4c882d77072ad,2026-09-26
data_raw/mars_hydro/lakes_shp/Goudge_et_al_2016_Geology_CBL_OBL_Catalogue.sbx,372,3cd7c2de9373dba0258ba4106b5510a65608cdbe553eb229d56283eed25782ae,2026-09-26
data_raw/mars_hydro/lakes_shp/Goudge_et_al_2016_Geology_CBL_OBL_Catalogue.shp,12000,e634f42bedc1dfa12d4f4cf41fb36b3d7595059094557b5e509d871384159de4,2026-09-26
data_raw/mars_hydro/lakes_shp/Goudge_et_al_2016_Geology_CBL_OBL_Catalogue.shx,3500,2185d8a56f0782ee5c42d0ab01ec04c0ae83c300afb838fb13a0336cdcbf5aea,2026-09-26
data_raw/mars_hydro/lakes_shp.zip,19103,4855ca040f54915f5d2b36cf72f7108a44e4657f8614fa6391685dff4048078c,2026-09-26
data_raw/moon_geol/Unified_Geologic_Map_of_the_Moon_GIS/Lunar_GIS/Global_Geology_of_the_Moon_5M_03-02-2020.gdb/a00000001.TablesByName.atx,4118,40f4f4409632e28243bc21df2b6e1059e53517ee74d5722060835ac87786348f,2026-09-26
data_raw/moon_geol/Unified_Geologic_Map_of_the_Moon_GIS/Lunar_GIS/Global_Geology_of_the_Moon_5M_03-02-2020.gdb/a00000001.gdbindexes,110,80ba95b873e151074244f7655f9e29ce8967aab1bd57ff4c06a329b723a3d46c,2026-09-26
data_raw/moon_geol/Unified_Geologic_Map_of_the_Moon_GIS/Lunar_GIS/Global_Geology_of_the_Moon_5M_03-02-2020.gdb/a00000001.gdbtable,613,c3c9d1c0bf92067d2410c8bce05f4980868c028413f5b597aecbbf09d5fae52e,2026-09-26
data_raw/moon_geol/Unified_Geologic_Map_of_the_Moon_GIS/Lunar_GIS/Global_Geology_of_the_Moon_5M_03-02-2020.gdb/a00000001.gdbtablx,5152,2c75735dcda876d26649fee8a9c9aa262490f63f1fdda24013b0f84bba08f153,2026-09-26
data_raw/moon_geol/Unified_Geologic_Map_of_the_Moon_GIS/Lunar_GIS/Global_Geology_of_the_Moon_5M_03-02-2020.gdb/a00000002.gdbtable,2055,9efa50dc62a40e109a546054943ae5ad4b3d41aa81ece0dfa026b7b23cb09da8,2026-09-26
data_raw/moon_geol/Unified_Geologic_Map_of_the_Moon_GIS/Lunar_GIS/Global_Geology_of_the_Moon_5M_03-02-2020.gdb/a00000002.gdbtablx,5152,f3ac9865dec6ab40e73d91dd1f5c2eef0248e66e359d4abb1d97edba92b5df88,2026-09-26
data_raw/moon_geol/Unified_Geologic_Map_of_the_Moon_GIS/Lunar_GIS/Global_Geology_of_the_Moon_5M_03-02-2020.gdb/a00000003.gdbindexes,42,de0911d18e2f304380c04ae123ea18057d262d788301f7cc3148298231c7c618,2026-09-26
data_raw/moon_geol/Unified_Geologic_Map_of_the_Moon_GIS/Lunar_GIS/Global_Geology_of_the_Moon_5M_03-02-2020.gdb/a00000003.gdbtable,1006,c06e8aaa2b980eb3416b75c436f5eb5be43ea5d88efae3b818eaf4e407458c37,2026-09-26
data_raw/moon_geol/Unified_Geologic_Map_of_the_Moon_GIS/Lunar_GIS/Global_Geology_of_the_Moon_5M_03-02-2020.gdb/a00000003.gdbtablx,5152,d63fd5f8a490aa6aeffde1336e80ce35b5399af5752a72b316570a670b09d167,2026-09-26
data_raw/moon_geol/Unified_Geologic_Map_of_the_Moon_GIS/Lunar_GIS/Global_Geology_of_the_Moon_5M_03-02-2020.gdb/a00000004.CatItemsByPhysicalName.atx,4118,a05b1b69c5bae09ca6a88c1e50034e0473a0eceef6c73a314023ce831208f1b2,2026-09-26
data_raw/moon_geol/Unified_Geologic_Map_of_the_Moon_GIS/Lunar_GIS/Global_Geology_of_the_Moon_5M_03-02-2020.gdb/a00000004.CatItemsByType.atx,4118,696ed10e856ae3a36df9a952b5494fc1a2e380bf6d33d30163a70e13b49dd3a5,2026-09-26
data_raw/moon_geol/Unified_Geologic_Map_of_the_Moon_GIS/Lunar_GIS/Global_Geology_of_the_Moon_5M_03-02-2020.gdb/a00000004.FDO_UUID.atx,4118,63d78b69f8b830a311725793352f889a2cc0b2a62f7b7a70990320e106d56ba1,2026-09-26
data_raw/moon_geol/Unified_Geologic_Map_of_the_Moon_GIS/Lunar_GIS/Global_Geology_of_the_Moon_5M_03-02-2020.gdb/a00000004.freelist,4440,1cc829adae9ff2189f761bfc3cb2c0363dc7973cfce41012a8043b691ec4142f,2026-09-26
data_raw/moon_geol/Unified_Geologic_Map_of_the_Moon_GIS/Lunar_GIS/Global_Geology_of_the_Moon_5M_03-02-2020.gdb/a00000004.gdbindexes,310,f29887c93b126a3feb0e20958cd73cc774f76ab79284b9c7286dc12eb05db858,2026-09-26
data_raw/moon_geol/Unified_Geologic_Map_of_the_Moon_GIS/Lunar_GIS/Global_Geology_of_the_Moon_5M_03-02-2020.gdb/a00000004.gdbtable,331034,babc84cd72480785a59457f0b88d95adf7aa0f4bcb018db3e070e728eb197a32,2026-09-26
data_raw/moon_geol/Unified_Geologic_Map_of_the_Moon_GIS/Lunar_GIS/Global_Geology_of_the_Moon_5M_03-02-2020.gdb/a00000004.gdbtablx,5152,d3672d39b27e8530b737e9434a0ea8b1888fb435bfdda7cac38ca5f780bf09c3,2026-09-26
data_raw/moon_geol/Unified_Geologic_Map_of_the_Moon_GIS/Lunar_GIS/Global_Geology_of_the_Moon_5M_03-02-2020.gdb/a00000004.spx,20502,768d576569e146d845273865d45529a91c8995368d7ecea6c851a5a589d57b0e,2026-09-26
data_raw/moon_geol/Unified_Geologic_Map_of_the_Moon_GIS/Lunar_GIS/Global_Geology_of_the_Moon_5M_03-02-2020.gdb/a00000005.CatItemTypesByName.atx,12310,49a0fcc2c09165391e0a10e809b677a88728e503bf9f5be8712539998c5e6edd,2026-09-26
data_raw/moon_geol/Unified_Geologic_Map_of_the_Moon_GIS/Lunar_GIS/Global_Geology_of_the_Moon_5M_03-02-2020.gdb/a00000005.CatItemTypesByParentTypeID.atx,4118,306d11e49168baf4d0bdc85c70b715a944e723821aa0a7f08abd6b9d23b876f4,2026-09-26
data_raw/moon_geol/Unified_Geologic_Map_of_the_Moon_GIS/Lunar_GIS/Global_Geology_of_the_Moon_5M_03-02-2020.gdb/a00000005.CatItemTypesByUUID.atx,4118,fa67a64f2aeae0b1575f4ceecb6786e9a08df240dae025e93921535f2daa0b5d,2026-09-26
data_raw/moon_geol/Unified_Geologic_Map_of_the_Moon_GIS/Lunar_GIS/Global_Geology_of_the_Moon_5M_03-02-2020.gdb/a00000005.gdbindexes,296,c21e650994b48cc72d174b3caf2ac1bd19e2d7305c8087aaae97e24caecf98a5,2026-09-26
data_raw/moon_geol/Unified_Geologic_Map_of_the_Moon_GIS/Lunar_GIS/Global_Geology_of_the_Moon_5M_03-02-2020.gdb/a00000005.gdbtable,1971,cd21b5d9b4b80c87410c8e0efb2d92505c04aa9a9877623420dad252bfad9bbd,2026-09-26
data_raw/moon_geol/Unified_Geologic_Map_of_the_Moon_GIS/Lunar_GIS/Global_Geology_of_the_Moon_5M_03-02-2020.gdb/a00000005.gdbtablx,5152,67f7df728dcc1f7dbafcb2aea352e8e6aea4c0c35d15a6a5e46de64c501e0bdc,2026-09-26
data_raw/moon_geol/Unified_Geologic_Map_of_the_Moon_GIS/Lunar_GIS/Global_Geology_of_the_Moon_5M_03-02-2020.gdb/a00000006.CatRelsByDestinationID.atx,4118,e1b41eb70d08a30408258e43e805c2642bfcadadbf7cab05461013dfabd3cd13,2026-09-26
data_raw/moon_geol/Unified_Geologic_Map_of_the_Moon_GIS/Lunar_GIS/Global_Geology_of_the_Moon_5M_03-02-2020.gdb/a00000006.CatRelsByOriginID.atx,4118,b544e1a082dc29ddc4a242fd584edd32f41b643b5d40eb6510ea4abef7b1557f,2026-09-26
data_raw/moon_geol/Unified_Geologic_Map_of_the_Moon_GIS/Lunar_GIS/Global_Geology_of_the_Moon_5M_03-02-2020.gdb/a00000006.CatRelsByType.atx,4118,8dae1cd2cfd1af53f5d7566ac8acf2fa6a6beae980218fa971e1f09027ab34d4,2026-09-26
data_raw/moon_geol/Unified_Geologic_Map_of_the_Moon_GIS/Lunar_GIS/Global_Geology_of_the_Moon_5M_03-02-2020.gdb/a00000006.FDO_UUID.atx,4118,5dbbcb2a5d6c58774b8f44bdf9fea12cf864d6f940bd442fd6be08f62a29298c,2026-09-26
data_raw/moon_geol/Unified_Geologic_Map_of_the_Moon_GIS/Lunar_GIS/Global_Geology_of_the_Moon_5M_03-02-2020.gdb/a00000006.gdbindexes,318,1919a00326f198a90dc97545ec448c10b2b90d367020222212f7b00433fe09b5,2026-09-26
data_raw/moon_geol/Unified_Geologic_Map_of_the_Moon_GIS/Lunar_GIS/Global_Geology_of_the_Moon_5M_03-02-2020.gdb/a00000006.gdbtable,2015,ce15beb739a85b69e15da80b909eb92d9678682cae9e0480e1e304c2fa4cfc9a,2026-09-26
data_raw/moon_geol/Unified_Geologic_Map_of_the_Moon_GIS/Lunar_GIS/Global_Geology_of_the_Moon_5M_03-02-2020.gdb/a00000006.gdbtablx,5152,8776d6aaf1ffddb35862346b25d73e59f18d3f1baff42ab3beb7f103bc97911e,2026-09-26
data_raw/moon_geol/Unified_Geologic_Map_of_the_Moon_GIS/Lunar_GIS/Global_Geology_of_the_Moon_5M_03-02-2020.gdb/a00000007.CatRelTypesByBackwardLabel.atx,4118,bab4f09bfd6ce52e90c80890eb4e52f37d2bce420efe3d8c146f6c64613262b9,2026-09-26
data_raw/moon_geol/Unified_Geologic_Map_of_the_Moon_GIS/Lunar_GIS/Global_Geology_of_the_Moon_5M_03-02-2020.gdb/a00000007.CatRelTypesByDestItemTypeID.atx,4118,b25e5a6e5b1e77f7720b9020a33844498e470e44032f9d21d043d11c1260eb8c,2026-09-26
data_raw/moon_geol/Unified_Geologic_Map_of_the_Moon_GIS/Lunar_GIS/Global_Geology_of_the_Moon_5M_03-02-2020.gdb/a00000007.CatRelTypesByForwardLabel.atx,4118,6f18759305a3fc4b85453ac0fb4481649a69da83f40d4e7bd855ac442a322ca7,2026-09-26
data_raw/moon_geol/Unified_Geologic_Map_of_the_Moon_GIS/Lunar_GIS/Global_Geology_of_the_Moon_5M_03-02-2020.gdb/a00000007.CatRelTypesByName.atx,4118,40f27016e6a78fd0bf421619fb4a2f5b0c4ebf4927f5c230a08aa7567f0877f1,2026-09-26
data_raw/moon_geol/Unified_Geologic_Map_of_the_Moon_GIS/Lunar_GIS/Global_Geology_of_the_Moon_5M_03-02-2020.gdb/a00000007.CatRelTypesByOriginItemTypeID.atx,4118,88784a95e2104336f877376a2f0deeec73fe59301fd793dca080a683056b4918,2026-09-26
data_raw/moon_geol/Unified_Geologic_Map_of_the_Moon_GIS/Lunar_GIS/Global_Geology_of_the_Moon_5M_03-02-2020.gdb/a00000007.CatRelTypesByUUID.atx,4118,7789d7ed17289855d3f307b99f87b99373044aa1d9635ac0c308daa979922098,2026-09-26
data_raw/moon_geol/Unified_Geologic_Map_of_the_Moon_GIS/Lunar_GIS/Global_Geology_of_the_Moon_5M_03-02-2020.gdb/a00000007.gdbindexes,602,dc98e24d04eddd7f38905d176c1ea43c547a3a2daa0c80091a20d3443c726621,2026-09-26
data_raw/moon_geol/Unified_Geologic_Map_of_the_Moon_GIS/Lunar_GIS/Global_Geology_of_the_Moon_5M_03-02-2020.gdb/a00000007.gdbtable,3363,295fc398f52442b1b798a799ed4d538beb36640d9a144dcd50417324566ccef5,2026-09-26
data_raw/moon_geol/Unified_Geologic_Map_of_the_Moon_GIS/Lunar_GIS/Global_Geology_of_the_Moon_5M_03-02-2020.gdb/a00000007.gdbtablx,5152,45b2f67964c7781faba455e15bb9805b3d9d822b6e370012ca800a135bcd1029,2026-09-26
data_raw/moon_geol/Unified_Geologic_Map_of_the_Moon_GIS/Lunar_GIS/Global_Geology_of_the_Moon_5M_03-02-2020.gdb/a00000009.gdbtable,632,ada0820d1d47b3e5bc4126710da637d85bdfae012c169e0e88241a8d60a3c7ff,2026-09-26
data_raw/moon_geol/Unified_Geologic_Map_of_the_Moon_GIS/Lunar_GIS/Global_Geology_of_the_Moon_5M_03-02-2020.gdb/a00000009.gdbtable.FDO_OBJECTID.gdbtabidx,32768,86224ac62bc44db47474a3ddd4d76ed886fd9e381cc3b4d028acd17ce6c4fda9,2026-09-26
data_raw/moon_geol/Unified_Geologic_Map_of_the_Moon_GIS/Lunar_GIS/Global_Geology_of_the_Moon_5M_03-02-2020.gdb/a00000009.gdbtable.cdf,41145061,7e61dc8201419083e66dfbd1ff72dd90703f0ac232609fd09634d6731a3371e8,2026-09-26
data_raw/moon_geol/Unified_Geologic_Map_of_the_Moon_GIS/Lunar_GIS/Global_Geology_of_the_Moon_5M_03-02-2020.gdb/a0000000a.gdbtable,639,a3ad1672185084c8690ecc68171e77eddac00ebcaf7dc2f56d225f83ebd13d2b,2026-09-26
data_raw/moon_geol/Unified_Geologic_Map_of_the_Moon_GIS/Lunar_GIS/Global_Geology_of_the_Moon_5M_03-02-2020.gdb/a0000000a.gdbtable.FDO_OBJECTID.gdbtabidx,8192,116486a43875fa99cd4876830fbe22edbd85caf0aab9142ffa252cd39fb80676,2026-09-26
data_raw/moon_geol/Unified_Geologic_Map_of_the_Moon_GIS/Lunar_GIS/Global_Geology_of_the_Moon_5M_03-02-2020.gdb/a0000000a.gdbtable.cdf,21566,05f015b6c0ed346e2b3ac8e8a09e0da303cb4585b2d013126ff2856fcb461476,2026-09-26
data_raw/moon_geol/Unified_Geologic_Map_of_the_Moon_GIS/Lunar_GIS/Global_Geology_of_the_Moon_5M_03-02-2020.gdb/a0000000b.gdbtable,637,e2723504a704c54443aa93667a692d1756ad2e4f1a77633c3c03f65a460a58de,2026-09-26
data_raw/moon_geol/Unified_Geologic_Map_of_the_Moon_GIS/Lunar_GIS/Global_Geology_of_the_Moon_5M_03-02-2020.gdb/a0000000b.gdbtable.FDO_OBJECTID.gdbtabidx,8192,1a8b6c1867838aea0e7d36b7e4efbfc092a7152598d5dcdf52d1f0c95edc6cd4,2026-09-26
data_raw/moon_geol/Unified_Geologic_Map_of_the_Moon_GIS/Lunar_GIS/Global_Geology_of_the_Moon_5M_03-02-2020.gdb/a0000000b.gdbtable.cdf,1760,bb913c700895b4f23b6a06e2fe0cc3dbb9f221a477a3ac2b96d5c2126b979467,2026-09-26
data_raw/moon_geol/Unified_Geologic_Map_of_the_Moon_GIS/Lunar_GIS/Global_Geology_of_the_Moon_5M_03-02-2020.gdb/a0000000c.gdbtable,648,d6ec93a24b70ab7a12b838f48db40cb0833dbc9d48bd7c8dde2c06691adc1207,2026-09-26
data_raw/moon_geol/Unified_Geologic_Map_of_the_Moon_GIS/Lunar_GIS/Global_Geology_of_the_Moon_5M_03-02-2020.gdb/a0000000c.gdbtable.FDO_OBJECTID.gdbtabidx,8192,54906d0b6d6a9e6bbf8acd3ab2d9bdddad2d15fab8ba1f4447c0a55396c03437,2026-09-26
data_raw/moon_geol/Unified_Geologic_Map_of_the_Moon_GIS/Lunar_GIS/Global_Geology_of_the_Moon_5M_03-02-2020.gdb/a0000000c.gdbtable.cdf,70630,5e6965fa13e2c939e2a0f32b11b52acb86f129100a5b22da5368d8e141d52ef1,2026-09-26
data_raw/moon_geol/Unified_Geologic_Map_of_the_Moon_GIS/Lunar_GIS/Global_Geology_of_the_Moon_5M_03-02-2020.gdb/a0000000d.gdbtable,639,69ad046de4f1b4fd1fdda7421e88cdaaf899a0ddd9c2b4c70eeeea6abbf1f169,2026-09-26
data_raw/moon_geol/Unified_Geologic_Map_of_the_Moon_GIS/Lunar_GIS/Global_Geology_of_the_Moon_5M_03-02-2020.gdb/a0000000d.gdbtable.FDO_OBJECTID.gdbtabidx,8192,d4fb6df3d3a30d470ba0d89e52282483a6b77942ff1f995ba55e8bce8e6c16ae,2026-09-26
data_raw/moon_geol/Unified_Geologic_Map_of_the_Moon_GIS/Lunar_GIS/Global_Geology_of_the_Moon_5M_03-02-2020.gdb/a0000000d.gdbtable.cdf,1535563,b0599b518e6db7b3a726bf0db61bc58d43b32cb8ba09365aee19b3bfeb9d1f16,2026-09-26
data_raw/moon_geol/Unified_Geologic_Map_of_the_Moon_GIS/Lunar_GIS/Global_Geology_of_the_Moon_5M_03-02-2020.gdb/a0000000e.gdbtable,637,7b4c5a7885bb93e95073653db2dbd3acff8cb7abb18794942e9f29d78a6517ae,2026-09-26
data_raw/moon_geol/Unified_Geologic_Map_of_the_Moon_GIS/Lunar_GIS/Global_Geology_of_the_Moon_5M_03-02-2020.gdb/a0000000e.gdbtable.FDO_OBJECTID.gdbtabidx,32768,a1d7c46be1f3e5ccd0aee9335cb4ba065be2ca16a3c4ec52117ed5113bdddd3e,2026-09-26
data_raw/moon_geol/Unified_Geologic_Map_of_the_Moon_GIS/Lunar_GIS/Global_Geology_of_the_Moon_5M_03-02-2020.gdb/a0000000e.gdbtable.cdf,164271,a6b1c2d599e04e1190d748147d2594c205025dce60f7ffbd810dfb61991ce06d,2026-09-26
data_raw/moon_geol/Unified_Geologic_Map_of_the_Moon_GIS/Lunar_GIS/Global_Geology_of_the_Moon_5M_03-02-2020.gdb/a0000000f.gdbtable,635,613f18b4f3c13cb34b36ead2c0a10cb9e80fecffccd10e408501f6f7b5b304c7,2026-09-26
data_raw/moon_geol/Unified_Geologic_Map_of_the_Moon_GIS/Lunar_GIS/Global_Geology_of_the_Moon_5M_03-02-2020.gdb/a0000000f.gdbtable.FDO_OBJECTID.gdbtabidx,65536,8c9cedfbae13c0436db54622ef776cd5dcdbcb06dcf988125e12623f425fcd85,2026-09-26
data_raw/moon_geol/Unified_Geologic_Map_of_the_Moon_GIS/Lunar_GIS/Global_Geology_of_the_Moon_5M_03-02-2020.gdb/a0000000f.gdbtable.cdf,23696307,c7e3b1bfaaf956d9c106dbc6419711ef05890e069be759c38135a0ee34cd2629,2026-09-26
data_raw/moon_geol/Unified_Geologic_Map_of_the_Moon_GIS/Lunar_GIS/Global_Geology_of_the_Moon_5M_03-02-2020.gdb/a00000010.gdbtable,637,f2833c2d857e9beca8086f794d336a9bb6038541c1548478a39f344f98af2e38,2026-09-26
data_raw/moon_geol/Unified_Geologic_Map_of_the_Moon_GIS/Lunar_GIS/Global_Geology_of_the_Moon_5M_03-02-2020.gdb/a00000010.gdbtable.FDO_OBJECTID.gdbtabidx,8192,1a8b6c1867838aea0e7d36b7e4efbfc092a7152598d5dcdf52d1f0c95edc6cd4,2026-09-26
data_raw/moon_geol/Unified_Geologic_Map_of_the_Moon_GIS/Lunar_GIS/Global_Geology_of_the_Moon_5M_03-02-2020.gdb/a00000010.gdbtable.cdf,3289,39e4a5b36452a0f2ff5f563f454ed45362fc28e81ef24ad4e3b3a22c3a403895,2026-09-26
data_raw/moon_geol/Unified_Geologic_Map_of_the_Moon_GIS/Lunar_GIS/Global_Geology_of_the_Moon_5M_03-02-2020.gdb/a00000011.gdbtable,637,dfb60381f5a8bf5cd474522a939f01ef5a0ec3bfc8911edcf8bcd3bceafbf077,2026-09-26
data_raw/moon_geol/Unified_Geologic_Map_of_the_Moon_GIS/Lunar_GIS/Global_Geology_of_the_Moon_5M_03-02-2020.gdb/a00000011.gdbtable.FDO_OBJECTID.gdbtabidx,8192,1a8b6c1867838aea0e7d36b7e4efbfc092a7152598d5dcdf52d1f0c95edc6cd4,2026-09-26
data_raw/moon_geol/Unified_Geologic_Map_of_the_Moon_GIS/Lunar_GIS/Global_Geology_of_the_Moon_5M_03-02-2020.gdb/a00000011.gdbtable.cdf,3298,1881b139c73b84625fd4016915dcafca29244c809f1447b59db432b3577f9f46,2026-09-26
data_raw/moon_geol/Unified_Geologic_Map_of_the_Moon_GIS/Lunar_GIS/Global_Geology_of_the_Moon_5M_03-02-2020.gdb/a00000012.gdbtable,844,3b6864853ef68e641d557ebe08d990cadf6a43eea1bdf7d5d13e02673e6d9116,2026-09-26
data_raw/moon_geol/Unified_Geologic_Map_of_the_Moon_GIS/Lunar_GIS/Global_Geology_of_the_Moon_5M_03-02-2020.gdb/a00000012.gdbtable.AnnoClassID_Index_17.gdbtabidx,8192,662dd57ab854648345337da015171ae8c0178fe9a73f3fbd22c117c46fa84b3f,2026-09-26
data_raw/moon_geol/Unified_Geologic_Map_of_the_Moon_GIS/Lunar_GIS/Global_Geology_of_the_Moon_5M_03-02-2020.gdb/a00000012.gdbtable.FDO_OBJECTID.gdbtabidx,8192,215f678946eced3e20089eb23017eaf794bcaadd160a2e828be8785c4e1b8cdb,2026-09-26
data_raw/moon_geol/Unified_Geologic_Map_of_the_Moon_GIS/Lunar_GIS/Global_Geology_of_the_Moon_5M_03-02-2020.gdb/a00000012.gdbtable.Status_Index_17.gdbtabidx,8192,4d16f95c68f938d65b2a462995aab730230074fa95aaf98206a25b51040d3710,2026-09-26
data_raw/moon_geol/Unified_Geologic_Map_of_the_Moon_GIS/Lunar_GIS/Global_Geology_of_the_Moon_5M_03-02-2020.gdb/a00000012.gdbtable.cdf,192753,036eede690e73e740c2811b320233250fb9610a92072fbf41eb51c950076490f,2026-09-26
data_raw/moon_geol/Unified_Geologic_Map_of_the_Moon_GIS/Lunar_GIS/Global_Geology_of_the_Moon_5M_03-02-2020.gdb/a00000013.gdbtable,844,738090a0e46383dcca060c8d13f81b5940a07086f016ce9683e81d4523fc771c,2026-09-26
data_raw/moon_geol/Unified_Geologic_Map_of_the_Moon_GIS/Lunar_GIS/Global_Geology_of_the_Moon_5M_03-02-2020.gdb/a00000013.gdbtable.AnnoClassID_Index_18.gdbtabidx,8192,6447c3ebcd1c7b976ba5d84ff4da416a8676fb03ee69f0332a166a087f0d228a,2026-09-26
data_raw/moon_geol/Unified_Geologic_Map_of_the_Moon_GIS/Lunar_GIS/Global_Geology_of_the_Moon_5M_03-02-2020.gdb/a00000013.gdbtable.FDO_OBJECTID.gdbtabidx,8192,ea49c5874a3ca7e66cb732beba3484a00074709e6f106c17e0e6d657f4935572,2026-09-26
data_raw/moon_geol/Unified_Geologic_Map_of_the_Moon_GIS/Lunar_GIS/Global_Geology_of_the_Moon_5M_03-02-2020.gdb/a00000013.gdbtable.Status_Index_18.gdbtabidx,8192,bf5145e374bc8671d9426245c82639e9db75adc30e77adbb329dc388e0a67d7f,2026-09-26
data_raw/moon_geol/Unified_Geologic_Map_of_the_Moon_GIS/Lunar_GIS/Global_Geology_of_the_Moon_5M_03-02-2020.gdb/a00000013.gdbtable.cdf,31286,b313e6b37f7f766aa9c5e7c1778be33368568802db5139167787ad88e6126a7e,2026-09-26
data_raw/moon_geol/Unified_Geologic_Map_of_the_Moon_GIS/Lunar_GIS/Global_Geology_of_the_Moon_5M_03-02-2020.gdb/a00000014.gdbtable,844,3250cfc4f11e2b6efa9edef87e0b29e9853f642c16d0f54f14c036d18535acc7,2026-09-26
data_raw/moon_geol/Unified_Geologic_Map_of_the_Moon_GIS/Lunar_GIS/Global_Geology_of_the_Moon_5M_03-02-2020.gdb/a00000014.gdbtable.AnnoClassID_Index_19.gdbtabidx,8192,ba3295d7a4e77a0e94c42b48bb370214698140679367b86559206407cbb335a1,2026-09-26
data_raw/moon_geol/Unified_Geologic_Map_of_the_Moon_GIS/Lunar_GIS/Global_Geology_of_the_Moon_5M_03-02-2020.gdb/a00000014.gdbtable.FDO_OBJECTID.gdbtabidx,8192,fe33096f92ecc9fef2bfe581a052afdac6ef148ded5dce43c06c929698784b75,2026-09-26
data_raw/moon_geol/Unified_Geologic_Map_of_the_Moon_GIS/Lunar_GIS/Global_Geology_of_the_Moon_5M_03-02-2020.gdb/a00000014.gdbtable.Status_Index_19.gdbtabidx,8192,0f876bcd0fb6726b4df8a5af73edc1cdf6904d783d8f339181fe1b6d6d403690,2026-09-26
data_raw/moon_geol/Unified_Geologic_Map_of_the_Moon_GIS/Lunar_GIS/Global_Geology_of_the_Moon_5M_03-02-2020.gdb/a00000014.gdbtable.cdf,26814,593414d20d5007ebccebcff93e88600a2886bf7eb9549a82faa236a4a06960cc,2026-09-26
data_raw/moon_geol/Unified_Geologic_Map_of_the_Moon_GIS/Lunar_GIS/Global_Geology_of_the_Moon_5M_03-02-2020.gdb/gdb,4,2594b6a92ebfb1c3312deb7d01c015fb95e9fbe9bd7bc6b527af07813ec7b910,2026-09-26
data_raw/moon_geol/Unified_Geologic_Map_of_the_Moon_GIS/Lunar_GIS/Global_Geology_of_the_Moon_5M_03-02-2020.gdb/timestamps,400,c2b6c286d7cf49fb60de0b154fc99d5a44f4998dcf9375b96dca3cb8d9df3823,2026-09-26
data_raw/moon_geol/Unified_Geologic_Map_of_the_Moon_GIS/Lunar_GIS/LunarAnnoGeodatabase_08-14-2013.gdb/a00000001.TablesByName.atx,12310,35a0b262fb35d6a270c2f6c65fd077d3d5a001c1c44247efce304f016498d13e,2026-09-26
data_raw/moon_geol/Unified_Geologic_Map_of_the_Moon_GIS/Lunar_GIS/LunarAnnoGeodatabase_08-14-2013.gdb/a00000001.gdbindexes,110,80ba95b873e151074244f7655f9e29ce8967aab1bd57ff4c06a329b723a3d46c,2026-09-26
data_raw/moon_geol/Unified_Geologic_Map_of_the_Moon_GIS/Lunar_GIS/LunarAnnoGeodatabase_08-14-2013.gdb/a00000001.gdbtable,894,951c3e32a82267c80540d71df755e4f137875f22563a99da30ab6a0a2c088f9e,2026-09-26
data_raw/moon_geol/Unified_Geologic_Map_of_the_Moon_GIS/Lunar_GIS/LunarAnnoGeodatabase_08-14-2013.gdb/a00000001.gdbtablx,5152,ed47831b651e8b66e7925a9a06559635de14b8351a2e3b720c862196736fdee2,2026-09-26
data_raw/moon_geol/Unified_Geologic_Map_of_the_Moon_GIS/Lunar_GIS/LunarAnnoGeodatabase_08-14-2013.gdb/a00000002.gdbtable,2055,9efa50dc62a40e109a546054943ae5ad4b3d41aa81ece0dfa026b7b23cb09da8,2026-09-26
data_raw/moon_geol/Unified_Geologic_Map_of_the_Moon_GIS/Lunar_GIS/LunarAnnoGeodatabase_08-14-2013.gdb/a00000002.gdbtablx,5152,f3ac9865dec6ab40e73d91dd1f5c2eef0248e66e359d4abb1d97edba92b5df88,2026-09-26
data_raw/moon_geol/Unified_Geologic_Map_of_the_Moon_GIS/Lunar_GIS/LunarAnnoGeodatabase_08-14-2013.gdb/a00000003.gdbindexes,42,de0911d18e2f304380c04ae123ea18057d262d788301f7cc3148298231c7c618,2026-09-26
data_raw/moon_geol/Unified_Geologic_Map_of_the_Moon_GIS/Lunar_GIS/LunarAnnoGeodatabase_08-14-2013.gdb/a00000003.gdbtable,2367,9c6b97e7457fe7d482c50fec0d48da95964570f7481471a33694026b6888d741,2026-09-26
data_raw/moon_geol/Unified_Geologic_Map_of_the_Moon_GIS/Lunar_GIS/LunarAnnoGeodatabase_08-14-2013.gdb/a00000003.gdbtablx,5152,6b19c9470ffe39f230045dc98736ab24b3c4abc83101bb3a8507b040890bb33c,2026-09-26
data_raw/moon_geol/Unified_Geologic_Map_of_the_Moon_GIS/Lunar_GIS/LunarAnnoGeodatabase_08-14-2013.gdb/a00000004.CatItemsByPhysicalName.atx,16406,ffeca14d4838fd2407d0e60d016bc03fe9416e9774b216b48a2973d2b878f53d,2026-09-26
data_raw/moon_geol/Unified_Geologic_Map_of_the_Moon_GIS/Lunar_GIS/LunarAnnoGeodatabase_08-14-2013.gdb/a00000004.CatItemsByType.atx,4118,5aba42c00085096074a3c7daed28614621af0462b3281cc0e838bc0371c003d5,2026-09-26
data_raw/moon_geol/Unified_Geologic_Map_of_the_Moon_GIS/Lunar_GIS/LunarAnnoGeodatabase_08-14-2013.gdb/a00000004.FDO_UUID.atx,4118,44d44e95ae760fb97e0f46695e31451e4e77837d24b63bce4eddc5ec20abf99d,2026-09-26
data_raw/moon_geol/Unified_Geologic_Map_of_the_Moon_GIS/Lunar_GIS/LunarAnnoGeodatabase_08-14-2013.gdb/a00000004.freelist,4440,72e38c11c6e86b999493d1ee8f70ad3e851cd8b612a8d98327798013f68b13cd,2026-09-26
data_raw/moon_geol/Unified_Geologic_Map_of_the_Moon_GIS/Lunar_GIS/LunarAnnoGeodatabase_08-14-2013.gdb/a00000004.gdbindexes,310,f29887c93b126a3feb0e20958cd73cc774f76ab79284b9c7286dc12eb05db858,2026-09-26
data_raw/moon_geol/Unified_Geologic_Map_of_the_Moon_GIS/Lunar_GIS/LunarAnnoGeodatabase_08-14-2013.gdb/a00000004.gdbtable,849224,bebc0d165fb5a4000da0186eecfd5cdfe469567f843a3438e79c75aee49576be,2026-09-26
data_raw/moon_geol/Unified_Geologic_Map_of_the_Moon_GIS/Lunar_GIS/LunarAnnoGeodatabase_08-14-2013.gdb/a00000004.gdbtablx,5152,1c3888d5e435222ccfbe627aafde357c0f434feb4cc4eedd7fddd6e2a051caea,2026-09-26
data_raw/moon_geol/Unified_Geologic_Map_of_the_Moon_GIS/Lunar_GIS/LunarAnnoGeodatabase_08-14-2013.gdb/a00000004.spx,282646,a76c8f0a665a01e9de7afabfdb74f743723ba82a82fe705990229c9f6abd83ce,2026-09-26
data_raw/moon_geol/Unified_Geologic_Map_of_the_Moon_GIS/Lunar_GIS/LunarAnnoGeodatabase_08-14-2013.gdb/a00000005.CatItemTypesByName.atx,12310,4f0d692f54e630bd5d8ff5ecd27bcb9b9ee772e3f73c994f05e601d90d6f3934,2026-09-26
data_raw/moon_geol/Unified_Geologic_Map_of_the_Moon_GIS/Lunar_GIS/LunarAnnoGeodatabase_08-14-2013.gdb/a00000005.CatItemTypesByParentTypeID.atx,4118,819b9d621ef796e7ec5a8099694b323705f4033149c97da5f14c68036bc3fdf3,2026-09-26
data_raw/moon_geol/Unified_Geologic_Map_of_the_Moon_GIS/Lunar_GIS/LunarAnnoGeodatabase_08-14-2013.gdb/a00000005.CatItemTypesByUUID.atx,4118,4f258e02d12d5f18929d44fb46e148f85dd7c6bc0c0a39f6a65ae920a23a3bd2,2026-09-26
data_raw/moon_geol/Unified_Geologic_Map_of_the_Moon_GIS/Lunar_GIS/LunarAnnoGeodatabase_08-14-2013.gdb/a00000005.gdbindexes,296,c21e650994b48cc72d174b3caf2ac1bd19e2d7305c8087aaae97e24caecf98a5,2026-09-26
data_raw/moon_geol/Unified_Geologic_Map_of_the_Moon_GIS/Lunar_GIS/LunarAnnoGeodatabase_08-14-2013.gdb/a00000005.gdbtable,1971,cf37aa76dfa0dfd038ec25042e915957ffd2a925cbca002a118b931cb1c815c0,2026-09-26
data_raw/moon_geol/Unified_Geologic_Map_of_the_Moon_GIS/Lunar_GIS/LunarAnnoGeodatabase_08-14-2013.gdb/a00000005.gdbtablx,5152,d7e20a1631948817e2651f4fcecf3423060de497950e65fcdf84b457e619a9b2,2026-09-26
data_raw/moon_geol/Unified_Geologic_Map_of_the_Moon_GIS/Lunar_GIS/LunarAnnoGeodatabase_08-14-2013.gdb/a00000006.CatRelsByDestinationID.atx,12310,0bb898d9061d6f4145c3690163c2bf06ac92f564084b36a7882274bf574a6ac4,2026-09-26
data_raw/moon_geol/Unified_Geologic_Map_of_the_Moon_GIS/Lunar_GIS/LunarAnnoGeodatabase_08-14-2013.gdb/a00000006.CatRelsByOriginID.atx,12310,9ee48a31b7af8940917f38fd943148bd42a975baba4a99a50f199550fd7ea6ec,2026-09-26
data_raw/moon_geol/Unified_Geologic_Map_of_the_Moon_GIS/Lunar_GIS/LunarAnnoGeodatabase_08-14-2013.gdb/a00000006.CatRelsByType.atx,12310,50916e903f9de23aa696ae7813fe057924454da571f03073791ad30155f71352,2026-09-26
data_raw/moon_geol/Unified_Geologic_Map_of_the_Moon_GIS/Lunar_GIS/LunarAnnoGeodatabase_08-14-2013.gdb/a00000006.FDO_UUID.atx,12310,d8498556835d7159ae993a205bdc11876597c21508b3afa4d8aa33e19f0fc2fb,2026-09-26
data_raw/moon_geol/Unified_Geologic_Map_of_the_Moon_GIS/Lunar_GIS/LunarAnnoGeodatabase_08-14-2013.gdb/a00000006.gdbindexes,318,1919a00326f198a90dc97545ec448c10b2b90d367020222212f7b00433fe09b5,2026-09-26
data_raw/moon_geol/Unified_Geologic_Map_of_the_Moon_GIS/Lunar_GIS/LunarAnnoGeodatabase_08-14-2013.gdb/a00000006.gdbtable,7198,6999c4184882b594c5d82c517db98bbee58e98049b439615c5c8d82fdb00e054,2026-09-26
data_raw/moon_geol/Unified_Geologic_Map_of_the_Moon_GIS/Lunar_GIS/LunarAnnoGeodatabase_08-14-2013.gdb/a00000006.gdbtablx,5152,4123f889e0fc27a3c5559816588ebec65add856c6a83d62e2cd4c9f5435a0743,2026-09-26
data_raw/moon_geol/Unified_Geologic_Map_of_the_Moon_GIS/Lunar_GIS/LunarAnnoGeodatabase_08-14-2013.gdb/a00000007.CatRelTypesByBackwardLabel.atx,4118,0a0f2e609ee21f9ef6334e8bb224d122fcdbb8d65fd1ccbc31efc5a3aa60e1db,2026-09-26
data_raw/moon_geol/Unified_Geologic_Map_of_the_Moon_GIS/Lunar_GIS/LunarAnnoGeodatabase_08-14-2013.gdb/a00000007.CatRelTypesByDestItemTypeID.atx,4118,af87c3899f55d3347981d5ff5753dbb38b6814a9135423b84db0b701a24f45cd,2026-09-26
data_raw/moon_geol/Unified_Geologic_Map_of_the_Moon_GIS/Lunar_GIS/LunarAnnoGeodatabase_08-14-2013.gdb/a00000007.CatRelTypesByForwardLabel.atx,4118,23375ba34a5e9b70de82b40752e2d2cf9b3313333bce35e93c463959780afc35,2026-09-26
data_raw/moon_geol/Unified_Geologic_Map_of_the_Moon_GIS/Lunar_GIS/LunarAnnoGeodatabase_08-14-2013.gdb/a00000007.CatRelTypesByName.atx,4118,8f85b8bb191a4a7be362aed7780458b6258e31d412a19b5d7836d57a6f2480f8,2026-09-26
data_raw/moon_geol/Unified_Geologic_Map_of_the_Moon_GIS/Lunar_GIS/LunarAnnoGeodatabase_08-14-2013.gdb/a00000007.CatRelTypesByOriginItemTypeID.atx,4118,f7420eebbd55b7a8f8a0d7374e45a250a4c4744c17f097919ed95fda20deb494,2026-09-26
data_raw/moon_geol/Unified_Geologic_Map_of_the_Moon_GIS/Lunar_GIS/LunarAnnoGeodatabase_08-14-2013.gdb/a00000007.CatRelTypesByUUID.atx,4118,b40b61646e875d0ae7bdf98b3347a63ae5b983f26ef00dab307b8d164c766552,2026-09-26
data_raw/moon_geol/Unified_Geologic_Map_of_the_Moon_GIS/Lunar_GIS/LunarAnnoGeodatabase_08-14-2013.gdb/a00000007.gdbindexes,602,dc98e24d04eddd7f38905d176c1ea43c547a3a2daa0c80091a20d3443c726621,2026-09-26
data_raw/moon_geol/Unified_Geologic_Map_of_the_Moon_GIS/Lunar_GIS/LunarAnnoGeodatabase_08-14-2013.gdb/a00000007.gdbtable,3363,94e2224a84fc643f847f1de1dc8bfaea6e98d165e4556b5f05f42f11096c21be,2026-09-26
data_raw/moon_geol/Unified_Geologic_Map_of_the_Moon_GIS/Lunar_GIS/LunarAnnoGeodatabase_08-14-2013.gdb/a00000007.gdbtablx,5152,861059a0bd5250a1fb5d96037cb5dec9558e50539b838952271638573edc055e,2026-09-26
data_raw/moon_geol/Unified_Geologic_Map_of_the_Moon_GIS/Lunar_GIS/LunarAnnoGeodatabase_08-14-2013.gdb/a00000009.gdbtable,645,1ab9d3586cffb3fcf7da227b0a820d3187b00f2231e1527c4ed223ad793b2865,2026-09-26
data_raw/moon_geol/Unified_Geologic_Map_of_the_Moon_GIS/Lunar_GIS/LunarAnnoGeodatabase_08-14-2013.gdb/a00000009.gdbtable.FDO_OBJECTID_12.gdbtabidx,8192,e7519b5409530835ba1ed626f63c94454d293c1584c2aa0947d3ec7bfdf08769,2026-09-26
data_raw/moon_geol/Unified_Geologic_Map_of_the_Moon_GIS/Lunar_GIS/LunarAnnoGeodatabase_08-14-2013.gdb/a00000009.gdbtable.cdf,26951,11bd93671edb15fc152cd9c5361f74c17c7f568d85bbc33fc500b7c0410a588c,2026-09-26
data_raw/moon_geol/Unified_Geologic_Map_of_the_Moon_GIS/Lunar_GIS/LunarAnnoGeodatabase_08-14-2013.gdb/a0000000a.gdbtable,645,8da9264eacb57a21717749f7b57752096421c4864d225318e4ab1cd805ce7254,2026-09-26
data_raw/moon_geol/Unified_Geologic_Map_of_the_Moon_GIS/Lunar_GIS/LunarAnnoGeodatabase_08-14-2013.gdb/a0000000a.gdbtable.FDO_OBJECTID_12.gdbtabidx,8192,c3d04d27578c0f31d8e67d972b87bab3d5972d6f453fd52e2e4322dd60e85f7d,2026-09-26
data_raw/moon_geol/Unified_Geologic_Map_of_the_Moon_GIS/Lunar_GIS/LunarAnnoGeodatabase_08-14-2013.gdb/a0000000a.gdbtable.cdf,20093,8ef7e452fc1fb787e5cc5124b948f03bf16502d36cd5bed0af803d0516ec93ad,2026-09-26
data_raw/moon_geol/Unified_Geologic_Map_of_the_Moon_GIS/Lunar_GIS/LunarAnnoGeodatabase_08-14-2013.gdb/a0000000f.gdbtable,645,76cda245a93bccabfab4bcd53d2da8f61beca4ab4299194ae0ba4b9e05025ea3,2026-09-26
data_raw/moon_geol/Unified_Geologic_Map_of_the_Moon_GIS/Lunar_GIS/LunarAnnoGeodatabase_08-14-2013.gdb/a0000000f.gdbtable.FDO_OBJECTID_12.gdbtabidx,8192,c8602f441bc80ce72b4b1d4adc85c30214b3e4559dbe85da9f9710c7180a8bdb,2026-09-26
data_raw/moon_geol/Unified_Geologic_Map_of_the_Moon_GIS/Lunar_GIS/LunarAnnoGeodatabase_08-14-2013.gdb/a0000000f.gdbtable.cdf,30370,56c46f043d5eadf69e8a96bb61eab5ffda5d34f56c1b39ee0e2562ca42914d45,2026-09-26
data_raw/moon_geol/Unified_Geologic_Map_of_the_Moon_GIS/Lunar_GIS/LunarAnnoGeodatabase_08-14-2013.gdb/a00000015.gdbtable,645,c4b035cc7e16fdb4693b56a41ae6dd4d3e9fd327b6056024570f41f994e8b12a,2026-09-26
data_raw/moon_geol/Unified_Geologic_Map_of_the_Moon_GIS/Lunar_GIS/LunarAnnoGeodatabase_08-14-2013.gdb/a00000015.gdbtable.FDO_OBJECTID_12.gdbtabidx,8192,3d7db58264bfbfb63fb938592ea36e0ebf648a40a7bbfbff15de48042dc39444,2026-09-26
data_raw/moon_geol/Unified_Geologic_Map_of_the_Moon_GIS/Lunar_GIS/LunarAnnoGeodatabase_08-14-2013.gdb/a00000015.gdbtable.cdf,20040,05549a69a8ec7b32852f059f1bd57131813bd72eb14cbcf0a69c55a613089b82,2026-09-26
data_raw/moon_geol/Unified_Geologic_Map_of_the_Moon_GIS/Lunar_GIS/LunarAnnoGeodatabase_08-14-2013.gdb/a00000016.gdbtable,645,1c06166877513b85ce39476547e897b6b388ba374812fc8eb50f7d4dde1245b4,2026-09-26
data_raw/moon_geol/Unified_Geologic_Map_of_the_Moon_GIS/Lunar_GIS/LunarAnnoGeodatabase_08-14-2013.gdb/a00000016.gdbtable.FDO_OBJECTID_12.gdbtabidx,8192,5e002a36eef6a7662232d90b4d1a37437901f0eef021ff052a38ba61b0c2c82b,2026-09-26
data_raw/moon_geol/Unified_Geologic_Map_of_the_Moon_GIS/Lunar_GIS/LunarAnnoGeodatabase_08-14-2013.gdb/a00000016.gdbtable.cdf,30329,a0a311cd9c7b551b25ed185c19a7ece439923882f6034b3ee07804de9441b0a8,2026-09-26
data_raw/moon_geol/Unified_Geologic_Map_of_the_Moon_GIS/Lunar_GIS/LunarAnnoGeodatabase_08-14-2013.gdb/a00000023.gdbtable,930,69e715314655e7b3bc55738ad48ddafdbb7e037cd6588ff60ff3ca54d48da627,2026-09-26
data_raw/moon_geol/Unified_Geologic_Map_of_the_Moon_GIS/Lunar_GIS/LunarAnnoGeodatabase_08-14-2013.gdb/a00000023.gdbtable.AnnoClassID_Index_43.gdbtabidx,8192,faa9dd179d438d5f5d3e7de8cf744f1e232030125fe206a83155ff1c66507148,2026-09-26
data_raw/moon_geol/Unified_Geologic_Map_of_the_Moon_GIS/Lunar_GIS/LunarAnnoGeodatabase_08-14-2013.gdb/a00000023.gdbtable.FDO_OBJECTID.gdbtabidx,8192,65aa6c533ff69203cb921fa4bdf9eb105f91d1757b9c05bc94b6524ac9c35bd7,2026-09-26
data_raw/moon_geol/Unified_Geologic_Map_of_the_Moon_GIS/Lunar_GIS/LunarAnnoGeodatabase_08-14-2013.gdb/a00000023.gdbtable.GDB_43_FeatureID.gdbtabidx,8192,f13ecf4f432e6c1eec894d4654a2a9e37d0a0ef00a3e7e7b6277ba044242cbc3,2026-09-26
data_raw/moon_geol/Unified_Geologic_Map_of_the_Moon_GIS/Lunar_GIS/LunarAnnoGeodatabase_08-14-2013.gdb/a00000023.gdbtable.Status_Index_43.gdbtabidx,8192,b9b5699d72e56dc981668df012b06e05dbc45c93b28f925e97b3340414448932,2026-09-26
data_raw/moon_geol/Unified_Geologic_Map_of_the_Moon_GIS/Lunar_GIS/LunarAnnoGeodatabase_08-14-2013.gdb/a00000023.gdbtable.cdf,2729,633302eedef2551db9bd1ffa1a93f75f6c307cd2f61545d7dc5b4a49e2700746,2026-09-26
data_raw/moon_geol/Unified_Geologic_Map_of_the_Moon_GIS/Lunar_GIS/LunarAnnoGeodatabase_08-14-2013.gdb/a00000024.gdbtable,930,d4ba87025d374815ac72be1da78aaa5919400d8c2dca9f1abb192d4aa4163199,2026-09-26
data_raw/moon_geol/Unified_Geologic_Map_of_the_Moon_GIS/Lunar_GIS/LunarAnnoGeodatabase_08-14-2013.gdb/a00000024.gdbtable.AnnoClassID_Index_45.gdbtabidx,8192,81d1e3f22184d55e0512b42a651a144ac03bc339f9754323785977a7950757b5,2026-09-26
data_raw/moon_geol/Unified_Geologic_Map_of_the_Moon_GIS/Lunar_GIS/LunarAnnoGeodatabase_08-14-2013.gdb/a00000024.gdbtable.FDO_OBJECTID.gdbtabidx,8192,65aa6c533ff69203cb921fa4bdf9eb105f91d1757b9c05bc94b6524ac9c35bd7,2026-09-26
data_raw/moon_geol/Unified_Geologic_Map_of_the_Moon_GIS/Lunar_GIS/LunarAnnoGeodatabase_08-14-2013.gdb/a00000024.gdbtable.GDB_45_FeatureID.gdbtabidx,8192,8bd9395c9781843cfb9b162b100aaef7b2704a0b16c04f9fbc700b0088cb6876,2026-09-26
data_raw/moon_geol/Unified_Geologic_Map_of_the_Moon_GIS/Lunar_GIS/LunarAnnoGeodatabase_08-14-2013.gdb/a00000024.gdbtable.Status_Index_45.gdbtabidx,8192,b9b5699d72e56dc981668df012b06e05dbc45c93b28f925e97b3340414448932,2026-09-26
data_raw/moon_geol/Unified_Geologic_Map_of_the_Moon_GIS/Lunar_GIS/LunarAnnoGeodatabase_08-14-2013.gdb/a00000024.gdbtable.cdf,3198,3466c69ed6b1d2df3791b30d811c7993750d05dccece4b9196165b830911782a,2026-09-26
data_raw/moon_geol/Unified_Geologic_Map_of_the_Moon_GIS/Lunar_GIS/LunarAnnoGeodatabase_08-14-2013.gdb/a00000025.gdbtable,930,92c852aaa314cfa186e59940a89fb96f386f7aca03e064c35d095ecbf4ed93a3,2026-09-26
data_raw/moon_geol/Unified_Geologic_Map_of_the_Moon_GIS/Lunar_GIS/LunarAnnoGeodatabase_08-14-2013.gdb/a00000025.gdbtable.AnnoClassID_Index_47.gdbtabidx,8192,363987efe2ae409debd4d113fae57656f38c9366af0f209ae2c19d50df1d85d8,2026-09-26
data_raw/moon_geol/Unified_Geologic_Map_of_the_Moon_GIS/Lunar_GIS/LunarAnnoGeodatabase_08-14-2013.gdb/a00000025.gdbtable.FDO_OBJECTID.gdbtabidx,8192,363987efe2ae409debd4d113fae57656f38c9366af0f209ae2c19d50df1d85d8,2026-09-26
data_raw/moon_geol/Unified_Geologic_Map_of_the_Moon_GIS/Lunar_GIS/LunarAnnoGeodatabase_08-14-2013.gdb/a00000025.gdbtable.GDB_47_FeatureID.gdbtabidx,8192,919e5d1999dc8796edf84abb062d0276b1e284441bc3a3741e8225ed0813e202,2026-09-26
data_raw/moon_geol/Unified_Geologic_Map_of_the_Moon_GIS/Lunar_GIS/LunarAnnoGeodatabase_08-14-2013.gdb/a00000025.gdbtable.Status_Index_47.gdbtabidx,8192,ac1de957ae65a8646cbb32602c114d6758b62bb778a1458ae4fcf620bfa2ea4e,2026-09-26
data_raw/moon_geol/Unified_Geologic_Map_of_the_Moon_GIS/Lunar_GIS/LunarAnnoGeodatabase_08-14-2013.gdb/a00000025.gdbtable.cdf,2149,e74e8b3a5a8f5bb7d0324883b3ee4f4ac91dc87148bbc992ac65a3bafc3ba769,2026-09-26
data_raw/moon_geol/Unified_Geologic_Map_of_the_Moon_GIS/Lunar_GIS/LunarAnnoGeodatabase_08-14-2013.gdb/a00000026.gdbtable,930,da397993244ec5d46892d15f1a975af5e19e9ab05d12906ed57a8fd49ca4d31a,2026-09-26
data_raw/moon_geol/Unified_Geologic_Map_of_the_Moon_GIS/Lunar_GIS/LunarAnnoGeodatabase_08-14-2013.gdb/a00000026.gdbtable.AnnoClassID_Index_49.gdbtabidx,8192,8597f3057c94725f068709934eebad4f95e65ea33c0222eeaeec32b3a82d7840,2026-09-26
data_raw/moon_geol/Unified_Geologic_Map_of_the_Moon_GIS/Lunar_GIS/LunarAnnoGeodatabase_08-14-2013.gdb/a00000026.gdbtable.FDO_OBJECTID.gdbtabidx,8192,e7563771d6ac353d9a97392b8e870f50ef75ccffde29c6c35fc3cb1f312a8005,2026-09-26
data_raw/moon_geol/Unified_Geologic_Map_of_the_Moon_GIS/Lunar_GIS/LunarAnnoGeodatabase_08-14-2013.gdb/a00000026.gdbtable.GDB_49_FeatureID.gdbtabidx,8192,d714fb24a8a35a956a3c15d9f02486dc62d9294adba87db70732f2088cd6040f,2026-09-26
data_raw/moon_geol/Unified_Geologic_Map_of_the_Moon_GIS/Lunar_GIS/LunarAnnoGeodatabase_08-14-2013.gdb/a00000026.gdbtable.Status_Index_49.gdbtabidx,8192,e0bbd7ad1c697c2c3acbfa1ca680dac98a6295c3d17031a2412e163dbe3319ee,2026-09-26
data_raw/moon_geol/Unified_Geologic_Map_of_the_Moon_GIS/Lunar_GIS/LunarAnnoGeodatabase_08-14-2013.gdb/a00000026.gdbtable.cdf,28438,5e3924b495606e047006ca709bd168ebabc71bcdfd9cc60f4eb651615617fd3f,2026-09-26
data_raw/moon_geol/Unified_Geologic_Map_of_the_Moon_GIS/Lunar_GIS/LunarAnnoGeodatabase_08-14-2013.gdb/a00000027.gdbtable,639,6f427a701cb36b697f873fffc6f453db4ce1d38539c223e64d7618e4b7e0c502,2026-09-26
data_raw/moon_geol/Unified_Geologic_Map_of_the_Moon_GIS/Lunar_GIS/LunarAnnoGeodatabase_08-14-2013.gdb/a00000027.gdbtable.FDO_OBJECTID.gdbtabidx,8192,12d13c319a6d6f9ca8cd86ddcde7b31d1f9c2e57529b0d98333c23b1db4db70f,2026-09-26
data_raw/moon_geol/Unified_Geologic_Map_of_the_Moon_GIS/Lunar_GIS/LunarAnnoGeodatabase_08-14-2013.gdb/a00000027.gdbtable.cdf,1902,814fabe05165ec58b65bf1fe8bad3e85bb55ffe1c8679cffb2c4a15f85579d95,2026-09-26
data_raw/moon_geol/Unified_Geologic_Map_of_the_Moon_GIS/Lunar_GIS/LunarAnnoGeodatabase_08-14-2013.gdb/a00000028.gdbtable,930,075c59d6b6425ca6b9b0bacd84167c5a6856947ef586b49785a214d1647f8415,2026-09-26
data_raw/moon_geol/Unified_Geologic_Map_of_the_Moon_GIS/Lunar_GIS/LunarAnnoGeodatabase_08-14-2013.gdb/a00000028.gdbtable.AnnoClassID_Index_52.gdbtabidx,8192,1e43be6c798f6f703af79e73057fa2d7c8fc9f408c0c81ca1be78568775e1c57,2026-09-26
data_raw/moon_geol/Unified_Geologic_Map_of_the_Moon_GIS/Lunar_GIS/LunarAnnoGeodatabase_08-14-2013.gdb/a00000028.gdbtable.FDO_OBJECTID.gdbtabidx,8192,8f17f3e7adc4ee9218706433b65404ad6a1f5ea8b11de92638b27a6f0695f669,2026-09-26
data_raw/moon_geol/Unified_Geologic_Map_of_the_Moon_GIS/Lunar_GIS/LunarAnnoGeodatabase_08-14-2013.gdb/a00000028.gdbtable.GDB_52_FeatureID.gdbtabidx,8192,8f17f3e7adc4ee9218706433b65404ad6a1f5ea8b11de92638b27a6f0695f669,2026-09-26
data_raw/moon_geol/Unified_Geologic_Map_of_the_Moon_GIS/Lunar_GIS/LunarAnnoGeodatabase_08-14-2013.gdb/a00000028.gdbtable.Status_Index_52.gdbtabidx,8192,1e43be6c798f6f703af79e73057fa2d7c8fc9f408c0c81ca1be78568775e1c57,2026-09-26
data_raw/moon_geol/Unified_Geologic_Map_of_the_Moon_GIS/Lunar_GIS/LunarAnnoGeodatabase_08-14-2013.gdb/a00000028.gdbtable.cdf,5290,84c0b8e3b5c36e95c1445ec101613bfba77e2b32d6c4d8a84a59acc3224e334b,2026-09-26
data_raw/moon_geol/Unified_Geologic_Map_of_the_Moon_GIS/Lunar_GIS/LunarAnnoGeodatabase_08-14-2013.gdb/a00000029.gdbtable,639,90114e73fdf397eaff8dd6e4ddfca3e8300b104bd9b17d90b48172f5374c11bb,2026-09-26
data_raw/moon_geol/Unified_Geologic_Map_of_the_Moon_GIS/Lunar_GIS/LunarAnnoGeodatabase_08-14-2013.gdb/a00000029.gdbtable.FDO_OBJECTID.gdbtabidx,8192,12d13c319a6d6f9ca8cd86ddcde7b31d1f9c2e57529b0d98333c23b1db4db70f,2026-09-26
data_raw/moon_geol/Unified_Geologic_Map_of_the_Moon_GIS/Lunar_GIS/LunarAnnoGeodatabase_08-14-2013.gdb/a00000029.gdbtable.cdf,1909,b5e2102b50ffd0f193efa326bea78782c74086b117113084ebc8d2807cd0c10a,2026-09-26
data_raw/moon_geol/Unified_Geologic_Map_of_the_Moon_GIS/Lunar_GIS/LunarAnnoGeodatabase_08-14-2013.gdb/a0000002a.gdbtable,930,4d1ffc6ba980f46d56e84721ea8095519ceebd7d19a043244f506f2aa2844c10,2026-09-26
data_raw/moon_geol/Unified_Geologic_Map_of_the_Moon_GIS/Lunar_GIS/LunarAnnoGeodatabase_08-14-2013.gdb/a0000002a.gdbtable.AnnoClassID_Index_55.gdbtabidx,8192,f8528247023db06397ee6a5cac473572ca9c30c6dc20aada7eaa70133a83e649,2026-09-26
data_raw/moon_geol/Unified_Geologic_Map_of_the_Moon_GIS/Lunar_GIS/LunarAnnoGeodatabase_08-14-2013.gdb/a0000002a.gdbtable.FDO_OBJECTID.gdbtabidx,8192,3456fd9f22e6d3653b6778e5f6d805fa1a1895b90922e0192e54e878cfd7ef7c,2026-09-26
data_raw/moon_geol/Unified_Geologic_Map_of_the_Moon_GIS/Lunar_GIS/LunarAnnoGeodatabase_08-14-2013.gdb/a0000002a.gdbtable.GDB_55_FeatureID.gdbtabidx,8192,2c7502fbc8dec23b63a8c43a1cb0ecf414a548db37277f9a23abc1c99e473880,2026-09-26
data_raw/moon_geol/Unified_Geologic_Map_of_the_Moon_GIS/Lunar_GIS/LunarAnnoGeodatabase_08-14-2013.gdb/a0000002a.gdbtable.Status_Index_55.gdbtabidx,8192,ab072d2c12174ab0953e0543b53ec2aefd6aff629c1694e538af6a2017a814e7,2026-09-26
data_raw/moon_geol/Unified_Geologic_Map_of_the_Moon_GIS/Lunar_GIS/LunarAnnoGeodatabase_08-14-2013.gdb/a0000002a.gdbtable.cdf,64885,f246e4347feaeb74b2eefdc8b622c910cf5b0eef2c2c26446eab03d4d8b143ee,2026-09-26
data_raw/moon_geol/Unified_Geologic_Map_of_the_Moon_GIS/Lunar_GIS/LunarAnnoGeodatabase_08-14-2013.gdb/a0000002b.gdbtable,930,b4bc46819e3e7cbaa1f5acb8decfac8782d3aaa21df363627b7e081dc61620d8,2026-09-26
data_raw/moon_geol/Unified_Geologic_Map_of_the_Moon_GIS/Lunar_GIS/LunarAnnoGeodatabase_08-14-2013.gdb/a0000002b.gdbtable.AnnoClassID_Index_57.gdbtabidx,8192,ac1de957ae65a8646cbb32602c114d6758b62bb778a1458ae4fcf620bfa2ea4e,2026-09-26
data_raw/moon_geol/Unified_Geologic_Map_of_the_Moon_GIS/Lunar_GIS/LunarAnnoGeodatabase_08-14-2013.gdb/a0000002b.gdbtable.FDO_OBJECTID.gdbtabidx,8192,1a8b6c1867838aea0e7d36b7e4efbfc092a7152598d5dcdf52d1f0c95edc6cd4,2026-09-26
data_raw/moon_geol/Unified_Geologic_Map_of_the_Moon_GIS/Lunar_GIS/LunarAnnoGeodatabase_08-14-2013.gdb/a0000002b.gdbtable.GDB_57_FeatureID.gdbtabidx,8192,edc7220b0e1006ef1f4d53d5983a9c6fad89ee4a1ce21495745c0f05f1925a2f,2026-09-26
data_raw/moon_geol/Unified_Geologic_Map_of_the_Moon_GIS/Lunar_GIS/LunarAnnoGeodatabase_08-14-2013.gdb/a0000002b.gdbtable.Status_Index_57.gdbtabidx,8192,ac1de957ae65a8646cbb32602c114d6758b62bb778a1458ae4fcf620bfa2ea4e,2026-09-26
data_raw/moon_geol/Unified_Geologic_Map_of_the_Moon_GIS/Lunar_GIS/LunarAnnoGeodatabase_08-14-2013.gdb/a0000002b.gdbtable.cdf,2102,6397fe98d56c7a5fc43fff42bd6652f17829ad08fe478e8586c08c49c21700b8,2026-09-26
data_raw/moon_geol/Unified_Geologic_Map_of_the_Moon_GIS/Lunar_GIS/LunarAnnoGeodatabase_08-14-2013.gdb/a0000002c.gdbtable,639,224f8b4372fe10c8d0f9fd56e83ce88edf0978830a8f1ac2a2a824e336cd0c8b,2026-09-26
data_raw/moon_geol/Unified_Geologic_Map_of_the_Moon_GIS/Lunar_GIS/LunarAnnoGeodatabase_08-14-2013.gdb/a0000002c.gdbtable.FDO_OBJECTID.gdbtabidx,8192,e00107196750974707064e7ab9a066820f700e2e1b58e8a6a75e8b6ca5e078ab,2026-09-26
data_raw/moon_geol/Unified_Geologic_Map_of_the_Moon_GIS/Lunar_GIS/LunarAnnoGeodatabase_08-14-2013.gdb/a0000002c.gdbtable.cdf,32303,89f9573adb09f9a79d564513abc738d57f143197af67cd5b54a1654f05c439c9,2026-09-26
data_raw/moon_geol/Unified_Geologic_Map_of_the_Moon_GIS/Lunar_GIS/LunarAnnoGeodatabase_08-14-2013.gdb/a0000002d.gdbtable,639,65d935fc86e601f9d50c9c15bd1e0cd41ef711dbdd4090cf7610370ee9b5995d,2026-09-26
data_raw/moon_geol/Unified_Geologic_Map_of_the_Moon_GIS/Lunar_GIS/LunarAnnoGeodatabase_08-14-2013.gdb/a0000002d.gdbtable.FDO_OBJECTID.gdbtabidx,8192,924df8c80674752e61b81a2a74413e3046eee1c5c1d1a4966c3460c8adcef58b,2026-09-26
data_raw/moon_geol/Unified_Geologic_Map_of_the_Moon_GIS/Lunar_GIS/LunarAnnoGeodatabase_08-14-2013.gdb/a0000002d.gdbtable.cdf,33289,04652d8c479771318e83b7f6f640a0537ea98f59ac4fbbe5a68816fa4c9f1f08,2026-09-26
data_raw/moon_geol/Unified_Geologic_Map_of_the_Moon_GIS/Lunar_GIS/LunarAnnoGeodatabase_08-14-2013.gdb/a0000002e.gdbtable,639,1845f907608193abe321749effddd1f75fcf6b9e7de3faf654ff36314be75662,2026-09-26
data_raw/moon_geol/Unified_Geologic_Map_of_the_Moon_GIS/Lunar_GIS/LunarAnnoGeodatabase_08-14-2013.gdb/a0000002e.gdbtable.FDO_OBJECTID.gdbtabidx,8192,21c56fc52ba7f04a325dafcb160a22795760a9e4b88bf8d57a483fded93a848f,2026-09-26
data_raw/moon_geol/Unified_Geologic_Map_of_the_Moon_GIS/Lunar_GIS/LunarAnnoGeodatabase_08-14-2013.gdb/a0000002e.gdbtable.cdf,33250,bc285e72ddfc0e377e8985623e6eb567f80b007c3ae34ccb4d0e525e9af32699,2026-09-26
data_raw/moon_geol/Unified_Geologic_Map_of_the_Moon_GIS/Lunar_GIS/LunarAnnoGeodatabase_08-14-2013.gdb/a0000002f.gdbtable,930,6034641367214ee73ce09e1652e92d88db3f089e743b59a43ee04074042c3a4b,2026-09-26
data_raw/moon_geol/Unified_Geologic_Map_of_the_Moon_GIS/Lunar_GIS/LunarAnnoGeodatabase_08-14-2013.gdb/a0000002f.gdbtable.AnnoClassID_Index_62.gdbtabidx,8192,1f9c3f0bbe2f4a82ad1a624c9dd655856c953726d42f9f0c1027f00e8885e46d,2026-09-26
data_raw/moon_geol/Unified_Geologic_Map_of_the_Moon_GIS/Lunar_GIS/LunarAnnoGeodatabase_08-14-2013.gdb/a0000002f.gdbtable.FDO_OBJECTID.gdbtabidx,8192,c9f5d1b0c5474bf110316b04e8abaa78c5f5d8c47523dd82142665c166932b3d,2026-09-26
data_raw/moon_geol/Unified_Geologic_Map_of_the_Moon_GIS/Lunar_GIS/LunarAnnoGeodatabase_08-14-2013.gdb/a0000002f.gdbtable.GDB_62_FeatureID.gdbtabidx,8192,9dbd766d9f88792b071d46ddfc425d44e0b9a29d7e6a2e56b095a851ed3fc8d5,2026-09-26
data_raw/moon_geol/Unified_Geologic_Map_of_the_Moon_GIS/Lunar_GIS/LunarAnnoGeodatabase_08-14-2013.gdb/a0000002f.gdbtable.Status_Index_62.gdbtabidx,8192,f4246b3de99b2863a4b1c2d5b02d7d3fd8341d794cb4913af76f95ee9e55ca88,2026-09-26
data_raw/moon_geol/Unified_Geologic_Map_of_the_Moon_GIS/Lunar_GIS/LunarAnnoGeodatabase_08-14-2013.gdb/a0000002f.gdbtable.cdf,8458,e9508e95b238d5c0c15a9de143235e77dc1d0a5d1709ae50734e1747bc93b73b,2026-09-26
data_raw/moon_geol/Unified_Geologic_Map_of_the_Moon_GIS/Lunar_GIS/LunarAnnoGeodatabase_08-14-2013.gdb/a00000030.gdbtable,930,b871db99cb5e193954e7193385bb39cc3be1caad5797de041a8df5e2478c313f,2026-09-26
data_raw/moon_geol/Unified_Geologic_Map_of_the_Moon_GIS/Lunar_GIS/LunarAnnoGeodatabase_08-14-2013.gdb/a00000030.gdbtable.AnnoClassID_Index_64.gdbtabidx,8192,42bf5131322ced366f09c1e55dd089d05017fb1b9fb2a1343e93215a1780e8a9,2026-09-26
data_raw/moon_geol/Unified_Geologic_Map_of_the_Moon_GIS/Lunar_GIS/LunarAnnoGeodatabase_08-14-2013.gdb/a00000030.gdbtable.FDO_OBJECTID.gdbtabidx,8192,6fa09680ef33287cf08de2e164960dc866388114e6918581b290dea2f9ded8a6,2026-09-26
data_raw/moon_geol/Unified_Geologic_Map_of_the_Moon_GIS/Lunar_GIS/LunarAnnoGeodatabase_08-14-2013.gdb/a00000030.gdbtable.GDB_64_FeatureID.gdbtabidx,8192,1f172418bd3f9332d5afc38a1bff492ca2483cba3b434598a76669e16ae11640,2026-09-26
data_raw/moon_geol/Unified_Geologic_Map_of_the_Moon_GIS/Lunar_GIS/LunarAnnoGeodatabase_08-14-2013.gdb/a00000030.gdbtable.Status_Index_64.gdbtabidx,8192,49317f9576b36458f650579b3db1edc0e3ae0e4033dd94816ca74c1e0f310c64,2026-09-26
data_raw/moon_geol/Unified_Geologic_Map_of_the_Moon_GIS/Lunar_GIS/LunarAnnoGeodatabase_08-14-2013.gdb/a00000030.gdbtable.cdf,8536,412e381b274a82ad04c7aff1034bbdcfa591502939432ec72a4efb2ab5697896,2026-09-26
data_raw/moon_geol/Unified_Geologic_Map_of_the_Moon_GIS/Lunar_GIS/LunarAnnoGeodatabase_08-14-2013.gdb/a00000031.gdbtable,930,a644b53e0182ac7bcb72a93dd5d594bdba1254fd2c4e16eb8dc68383f5ada29f,2026-09-26
data_raw/moon_geol/Unified_Geologic_Map_of_the_Moon_GIS/Lunar_GIS/LunarAnnoGeodatabase_08-14-2013.gdb/a00000031.gdbtable.AnnoClassID_Index_66.gdbtabidx,8192,e43229481447c13a12464b0eafd3591c0d3b657caa3f764546df622dc83b6aa9,2026-09-26
data_raw/moon_geol/Unified_Geologic_Map_of_the_Moon_GIS/Lunar_GIS/LunarAnnoGeodatabase_08-14-2013.gdb/a00000031.gdbtable.FDO_OBJECTID.gdbtabidx,8192,84ee7541fb7cb38f9a7da24af9603f3b8519c2ad77b1968b8d3dcb6911c7361c,2026-09-26
data_raw/moon_geol/Unified_Geologic_Map_of_the_Moon_GIS/Lunar_GIS/LunarAnnoGeodatabase_08-14-2013.gdb/a00000031.gdbtable.GDB_66_FeatureID.gdbtabidx,8192,304af2906151014d989391e0b3b3059ed13046e2006bfde9389e631b08ccf31d,2026-09-26
data_raw/moon_geol/Unified_Geologic_Map_of_the_Moon_GIS/Lunar_GIS/LunarAnnoGeodatabase_08-14-2013.gdb/a00000031.gdbtable.Status_Index_66.gdbtabidx,8192,438cc521dfb788bb931bb19211e6f65d65fbd9d5cf17296906fbf52996ffbfc9,2026-09-26
data_raw/moon_geol/Unified_Geologic_Map_of_the_Moon_GIS/Lunar_GIS/LunarAnnoGeodatabase_08-14-2013.gdb/a00000031.gdbtable.cdf,38820,9c6a8da3f6262501627b2c583c6b70522fb91cb28718739350b533887d29dd2f,2026-09-26
data_raw/moon_geol/Unified_Geologic_Map_of_the_Moon_GIS/Lunar_GIS/LunarAnnoGeodatabase_08-14-2013.gdb/a00000032.gdbtable,639,cd8e8daaf92affc209eaef44c44003a4c37b1c866f8ac8b56c286cc50ef09232,2026-09-26
data_raw/moon_geol/Unified_Geologic_Map_of_the_Moon_GIS/Lunar_GIS/LunarAnnoGeodatabase_08-14-2013.gdb/a00000032.gdbtable.FDO_OBJECTID.gdbtabidx,8192,8edd4c405d345677d378a94059c14a084e51556e1152e139c93ea337dfe109cd,2026-09-26
data_raw/moon_geol/Unified_Geologic_Map_of_the_Moon_GIS/Lunar_GIS/LunarAnnoGeodatabase_08-14-2013.gdb/a00000032.gdbtable.cdf,11601,d3decd7681df204b439bd96843e0825aa0b6fe2fbaf287b5b7051d3fe08cb5e6,2026-09-26
data_raw/moon_geol/Unified_Geologic_Map_of_the_Moon_GIS/Lunar_GIS/LunarAnnoGeodatabase_08-14-2013.gdb/a00000033.gdbtable,639,9a542e6a72821bdaab1fe6cedd93f2105344305a854b579254e24c86b3776ef4,2026-09-26
data_raw/moon_geol/Unified_Geologic_Map_of_the_Moon_GIS/Lunar_GIS/LunarAnnoGeodatabase_08-14-2013.gdb/a00000033.gdbtable.FDO_OBJECTID.gdbtabidx,8192,5f925fd692b6ef20a5948fdac6181156e547d98a7fc01c62525cef50eb4b5fe8,2026-09-26
data_raw/moon_geol/Unified_Geologic_Map_of_the_Moon_GIS/Lunar_GIS/LunarAnnoGeodatabase_08-14-2013.gdb/a00000033.gdbtable.cdf,2558,0a2458eb5451b0699adf7fb284226b8f5a125c6444f490b4b7430cef16641ab7,2026-09-26
data_raw/moon_geol/Unified_Geologic_Map_of_the_Moon_GIS/Lunar_GIS/LunarAnnoGeodatabase_08-14-2013.gdb/a00000034.gdbtable,639,4b11664af0989f9433bbdea4c69230cca8e6f9ec544a9cb0bc23fbedcaed3003,2026-09-26
data_raw/moon_geol/Unified_Geologic_Map_of_the_Moon_GIS/Lunar_GIS/LunarAnnoGeodatabase_08-14-2013.gdb/a00000034.gdbtable.FDO_OBJECTID.gdbtabidx,8192,dd9aaef51d493fcf0797818818457e256eee2c11df9453d9bcbf8443c7a9ca0e,2026-09-26
data_raw/moon_geol/Unified_Geologic_Map_of_the_Moon_GIS/Lunar_GIS/LunarAnnoGeodatabase_08-14-2013.gdb/a00000034.gdbtable.cdf,29633,8b2aa6d506e13aa6095b6846bb0cf112f8287a9c903c98d0e2462c3e65420ac5,2026-09-26
data_raw/moon_geol/Unified_Geologic_Map_of_the_Moon_GIS/Lunar_GIS/LunarAnnoGeodatabase_08-14-2013.gdb/gdb,4,2594b6a92ebfb1c3312deb7d01c015fb95e9fbe9bd7bc6b527af07813ec7b910,2026-09-26
data_raw/moon_geol/Unified_Geologic_Map_of_the_Moon_GIS/Lunar_GIS/LunarAnnoGeodatabase_08-14-2013.gdb/timestamps,400,8d400dc59e0bd54d3a26295908806ed5192e2beec5ad299220491cbbaf674eff,2026-09-26
data_raw/moon_geol/Unified_Geologic_Map_of_the_Moon_GIS/Lunar_GIS/Shapefiles/Boundary_poly.cpg,5,3ad3031f5503a4404af825262ee8232cc04d4ea6683d42c5dd0a2f2a27ac9824,2026-09-26
data_raw/moon_geol/Unified_Geologic_Map_of_the_Moon_GIS/Lunar_GIS/Shapefiles/Boundary_poly.dbf,707,46f7b2e3bc851833dbfa384011b0276413f2a964a16aa57b0784c2feb420f2dd,2026-09-26
data_raw/moon_geol/Unified_Geologic_Map_of_the_Moon_GIS/Lunar_GIS/Shapefiles/Boundary_poly.prj,393,4473b61e75ee5e9c120f4c342b4ab85276a0c69090a2c9d7771b4b88ba835fd4,2026-09-26
data_raw/moon_geol/Unified_Geologic_Map_of_the_Moon_GIS/Lunar_GIS/Shapefiles/Boundary_poly.sbn,132,cd15d1b61c7e4948531d18049a878bfff1e5fd385e310b8840f96495d4ab7806,2026-09-26
data_raw/moon_geol/Unified_Geologic_Map_of_the_Moon_GIS/Lunar_GIS/Shapefiles/Boundary_poly.sbx,116,d8ec6f0a2152d125fb99ed6045807b909f4af0f4eee2c451f252ac15dff573ce,2026-09-26
data_raw/moon_geol/Unified_Geologic_Map_of_the_Moon_GIS/Lunar_GIS/Shapefiles/Boundary_poly.shp,11116,8fbf9c6a54527c68e3a94176ef9ffd60c9c2274d0047353719dcf5ea2ab7680c,2026-09-26
data_raw/moon_geol/Unified_Geologic_Map_of_the_Moon_GIS/Lunar_GIS/Shapefiles/Boundary_poly.shp.xml,7313,486b9243d095fc5ada963ab99ae269248ad57f6698c2419c48d125e2d37c913c,2026-09-26
data_raw/moon_geol/Unified_Geologic_Map_of_the_Moon_GIS/Lunar_GIS/Shapefiles/Boundary_poly.shx,108,c42bed1276394238c1a738bda506462ccdbbcdf2dfd1ff9a31a528d9e7120bbf,2026-09-26
data_raw/moon_geol/Unified_Geologic_Map_of_the_Moon_GIS/Lunar_GIS/Shapefiles/GeoContacts.cpg,5,3ad3031f5503a4404af825262ee8232cc04d4ea6683d42c5dd0a2f2a27ac9824,2026-09-26
data_raw/moon_geol/Unified_Geologic_Map_of_the_Moon_GIS/Lunar_GIS/Shapefiles/GeoContacts.dbf,3915162,d54ad3a3f9c51fc092c07d9189f161b38447875999430d84f8ac3d9b6b139461,2026-09-26
data_raw/moon_geol/Unified_Geologic_Map_of_the_Moon_GIS/Lunar_GIS/Shapefiles/GeoContacts.prj,393,4473b61e75ee5e9c120f4c342b4ab85276a0c69090a2c9d7771b4b88ba835fd4,2026-09-26
data_raw/moon_geol/Unified_Geologic_Map_of_the_Moon_GIS/Lunar_GIS/Shapefiles/GeoContacts.sbn,316804,b07593d56381655fa03deee5bee3da37617c38b984b611837551a41469700312,2026-09-26
data_raw/moon_geol/Unified_Geologic_Map_of_the_Moon_GIS/Lunar_GIS/Shapefiles/GeoContacts.sbx,23060,2eea7bf2b40fb4ff77b3a69a927962882952856fdfdf2ec3c09c66e20021a791,2026-09-26
data_raw/moon_geol/Unified_Geologic_Map_of_the_Moon_GIS/Lunar_GIS/Shapefiles/GeoContacts.shp,66277036,c53e5cdc2a92fc54ffb07062c856721a12426bf45560c60c0e25efc2ef39e30c,2026-09-26
data_raw/moon_geol/Unified_Geologic_Map_of_the_Moon_GIS/Lunar_GIS/Shapefiles/GeoContacts.shp.xml,27601,fce9ccbe5fc0d3305557d008296e0fdd824ee5a0ccaff017c85b116e934247fb,2026-09-26
data_raw/moon_geol/Unified_Geologic_Map_of_the_Moon_GIS/Lunar_GIS/Shapefiles/GeoContacts.shx,261100,0a7bf22c20aeb692168a96aaddeee19355a44a824a963613a3aa29631d06eb3c,2026-09-26
data_raw/moon_geol/Unified_Geologic_Map_of_the_Moon_GIS/Lunar_GIS/Shapefiles/GeoUnits.cpg,5,3ad3031f5503a4404af825262ee8232cc04d4ea6683d42c5dd0a2f2a27ac9824,2026-09-26
data_raw/moon_geol/Unified_Geologic_Map_of_the_Moon_GIS/Lunar_GIS/Shapefiles/GeoUnits.dbf,2670072,fd6c74b9545ff62a3d8382ec271825b0a4d5508263372cbe3f4d34d6ab0463c4,2026-09-26
data_raw/moon_geol/Unified_Geologic_Map_of_the_Moon_GIS/Lunar_GIS/Shapefiles/GeoUnits.prj,393,4473b61e75ee5e9c120f4c342b4ab85276a0c69090a2c9d7771b4b88ba835fd4,2026-09-26
data_raw/moon_geol/Unified_Geologic_Map_of_the_Moon_GIS/Lunar_GIS/Shapefiles/GeoUnits.sbn,125748,a975264c46bf2953850c1d31d15e562545ef2df608ca98ef70559467127d8fd8,2026-09-26
data_raw/moon_geol/Unified_Geologic_Map_of_the_Moon_GIS/Lunar_GIS/Shapefiles/GeoUnits.sbx,11524,01b1e624e2e2dc17b23529ec917d8d0b8ddd0fa07356f2a99648c2c82ab320bb,2026-09-26
data_raw/moon_geol/Unified_Geologic_Map_of_the_Moon_GIS/Lunar_GIS/Shapefiles/GeoUnits.shp,126176440,122559104301f923cb75e48f5fadc87f31c3e1aeb354c499924b256c052770c1,2026-09-26
data_raw/moon_geol/Unified_Geologic_Map_of_the_Moon_GIS/Lunar_GIS/Shapefiles/GeoUnits.shp.xml,57156,5661a20cb4676fd19236a5713f8cd65435f701d13644511143a121b52e1a9219,2026-09-26
data_raw/moon_geol/Unified_Geologic_Map_of_the_Moon_GIS/Lunar_GIS/Shapefiles/GeoUnits.shx,98076,2caa6183448afa001203cd1bfd380f5e10cd018e51d78d1da73d11aec3687832,2026-09-26
data_raw/moon_geol/Unified_Geologic_Map_of_the_Moon_GIS/Lunar_GIS/Shapefiles/Labels_Global.cpg,5,3ad3031f5503a4404af825262ee8232cc04d4ea6683d42c5dd0a2f2a27ac9824,2026-09-26
data_raw/moon_geol/Unified_Geologic_Map_of_the_Moon_GIS/Lunar_GIS/Shapefiles/Labels_Global.dbf,2216901,d762e4e4eacca4c2081c946ed3602309e76d3596fc5ee660609499076b966a4e,2026-09-26
data_raw/moon_geol/Unified_Geologic_Map_of_the_Moon_GIS/Lunar_GIS/Shapefiles/Labels_Global.prj,393,4473b61e75ee5e9c120f4c342b4ab85276a0c69090a2c9d7771b4b88ba835fd4,2026-09-26
data_raw/moon_geol/Unified_Geologic_Map_of_the_Moon_GIS/Lunar_GIS/Shapefiles/Labels_Global.sbn,126548,02fe82be555c030a8c26ac9aa892011ee3572730183845710cae20e7f420ee51,2026-09-26
data_raw/moon_geol/Unified_Geologic_Map_of_the_Moon_GIS/Lunar_GIS/Shapefiles/Labels_Global.sbx,12324,21fb321c5da17cf69fd79680039be8a779e20b527803148956529be0078be554,2026-09-26
data_raw/moon_geol/Unified_Geologic_Map_of_the_Moon_GIS/Lunar_GIS/Shapefiles/Labels_Global.shp,343016,dc430ebf9489a33600e383ac1c42fa66896f7641927eec0fa11fdaecc58744c8,2026-09-26
data_raw/moon_geol/Unified_Geologic_Map_of_the_Moon_GIS/Lunar_GIS/Shapefiles/Labels_Global.shp.xml,56850,827b59bc551854f36929f947599e7a0d68feed835a01dd748512bfa438cb6467,2026-09-26
data_raw/moon_geol/Unified_Geologic_Map_of_the_Moon_GIS/Lunar_GIS/Shapefiles/Labels_Global.shx,98076,9a981ddb7117530f43120123b8650ff994c61244780631a630f193a542037d0f,2026-09-26
data_raw/moon_geol/Unified_Geologic_Map_of_the_Moon_GIS/Lunar_GIS/Shapefiles/Linear_Features.cpg,5,3ad3031f5503a4404af825262ee8232cc04d4ea6683d42c5dd0a2f2a27ac9824,2026-09-26
data_raw/moon_geol/Unified_Geologic_Map_of_the_Moon_GIS/Lunar_GIS/Shapefiles/Linear_Features.dbf,539794,cdc6972646d3d50b7bdb84b77278b1fb4f290219956a909da6a682e049e18327,2026-09-26
data_raw/moon_geol/Unified_Geologic_Map_of_the_Moon_GIS/Lunar_GIS/Shapefiles/Linear_Features.prj,393,4473b61e75ee5e9c120f4c342b4ab85276a0c69090a2c9d7771b4b88ba835fd4,2026-09-26
data_raw/moon_geol/Unified_Geologic_Map_of_the_Moon_GIS/Lunar_GIS/Shapefiles/Linear_Features.sbn,37844,b577f85a1f85e639e933db38451a381f6216f7799603e4e99d238cd64edfe3c1,2026-09-26
data_raw/moon_geol/Unified_Geologic_Map_of_the_Moon_GIS/Lunar_GIS/Shapefiles/Linear_Features.sbx,3388,58d9b4c436fd47d7568115cb7da0c320649029431803ffd2a974e768454116dd,2026-09-26
data_raw/moon_geol/Unified_Geologic_Map_of_the_Moon_GIS/Lunar_GIS/Shapefiles/Linear_Features.shp,3955452,dde0fb19b45eb139e959dfbd4a842a30fe0c7df6a9b12927f2fa22318d35c3fc,2026-09-26
data_raw/moon_geol/Unified_Geologic_Map_of_the_Moon_GIS/Lunar_GIS/Shapefiles/Linear_Features.shp.xml,8724,b2017cbf62a61a3614420fe010a1aae91b7f1b48a11b83b66d47fe9af03d5c19,2026-09-26
data_raw/moon_geol/Unified_Geologic_Map_of_the_Moon_GIS/Lunar_GIS/Shapefiles/Linear_Features.shx,30500,e2227207140e5e4b9b969bc312f4fbd2b5808c01c4a9933794560ca048302c91,2026-09-26
data_raw/moon_geol/Unified_Geologic_Map_of_the_Moon_GIS/Lunar_GIS/Shapefiles/Mercator_Clip.dbf,137,d8c26f843e0d34b9c309fd5ce24cfc9fd2e6f696e8b1c3421ac1c5ed9fa31412,2026-09-26
data_raw/moon_geol/Unified_Geologic_Map_of_the_Moon_GIS/Lunar_GIS/Shapefiles/Mercator_Clip.prj,393,4473b61e75ee5e9c120f4c342b4ab85276a0c69090a2c9d7771b4b88ba835fd4,2026-09-26
data_raw/moon_geol/Unified_Geologic_Map_of_the_Moon_GIS/Lunar_GIS/Shapefiles/Mercator_Clip.shp,2924,eaa27298b37297acd02623d381891066128eb970e2e93e83db322d81f123e81a,2026-09-26
data_raw/moon_geol/Unified_Geologic_Map_of_the_Moon_GIS/Lunar_GIS/Shapefiles/Mercator_Clip.shx,108,f152f73c0f8fb97c96f9454604b8ba46cdc9919d529794234a08699d241e6c96,2026-09-26
data_raw/moon_geol/Unified_Geologic_Map_of_the_Moon_GIS/Lunar_GIS/Shapefiles/Polar_Stereographic_Clip.dbf,176,a7a3c17f81c885c3b92bcb5fe0e3351525f1930da7855bb3e000c1425400bd6e,2026-09-26
data_raw/moon_geol/Unified_Geologic_Map_of_the_Moon_GIS/Lunar_GIS/Shapefiles/Polar_Stereographic_Clip.prj,393,4473b61e75ee5e9c120f4c342b4ab85276a0c69090a2c9d7771b4b88ba835fd4,2026-09-26
data_raw/moon_geol/Unified_Geologic_Map_of_the_Moon_GIS/Lunar_GIS/Shapefiles/Polar_Stereographic_Clip.shp,517172,e278918176b1e337282e0053bf8e6eff5cf3e1608ab50fda6995fbf74696fd72,2026-09-26
data_raw/moon_geol/Unified_Geologic_Map_of_the_Moon_GIS/Lunar_GIS/Shapefiles/Polar_Stereographic_Clip.shx,116,7bfbccc526de3b4af96daa19a9512037d573db7ea91a633f1f6f1596ceb3809f,2026-09-26
data_raw/moon_geol/Unified_Geologic_Map_of_the_Moon_GIS/Lunar_GIS/Symbol_LayerDefinitions/DotsFor_GT85_EQ.lyr,11776,33f4897d35f60c1a4890abf4276fb3ae5f3eb05661829ac7f32e74503cca2a0e,2026-09-26
data_raw/moon_geol/Unified_Geologic_Map_of_the_Moon_GIS/Lunar_GIS/Symbol_LayerDefinitions/DotsFor_GT85_SP.lyr,11776,8a6d221eb0886d1d058c270166bfeec4ce740270afa921a0630652d1d3e560c1,2026-09-26
data_raw/moon_geol/Unified_Geologic_Map_of_the_Moon_GIS/Lunar_GIS/Symbol_LayerDefinitions/GeoContact.lyr,11264,aaa23efb483b4c2c20a8dbe87735347283dcdbeba824d7e398b9bd664ba2c51b,2026-09-26
data_raw/moon_geol/Unified_Geologic_Map_of_the_Moon_GIS/Lunar_GIS/Symbol_LayerDefinitions/GeoUnit.lyr,30720,a8d8bb44adde43d22e04c88243e5447921bdd598135cb85a49747eb353f986c2,2026-09-26
data_raw/moon_geol/Unified_Geologic_Map_of_the_Moon_GIS/Lunar_GIS/Symbol_LayerDefinitions/GeologyUnit_colors.csv,1542,faf55ff77ae4e6dc885c7b227c272cc03a5be64633c676797320b7d83c312d80,2026-09-26
data_raw/moon_geol/Unified_Geologic_Map_of_the_Moon_GIS/Lunar_GIS/Symbol_LayerDefinitions/LandingSites_EQ.lyr,10240,19109554108672202e25aa2d8b013a80f957123f2ca89b9f63ab9ee9a9aeaddf,2026-09-26
data_raw/moon_geol/Unified_Geologic_Map_of_the_Moon_GIS/Lunar_GIS/Symbol_LayerDefinitions/LandingSites_SP.lyr,10240,9896caedf90bbc3a93a6254dcce0e1c9d6b03ef2c482045bc57f7887747af91c,2026-09-26
data_raw/moon_geol/Unified_Geologic_Map_of_the_Moon_GIS/Lunar_GIS/Symbol_LayerDefinitions/Linear_Features.lyr,37376,9b39ad7e2289604f36977e73cf610fc3729b1cab9bae8d2784a797aaa2213ce2,2026-09-26
data_raw/moon_geol/Unified_Geologic_Map_of_the_Moon_GIS/Lunar_GIS/Symbol_LayerDefinitions/Unified_Geologic_Map_of_the_Moon_DOMU_descriptions.csv,10830,c6d532ac6c7c8774cc744c5ae4dfa0e43a89d1453f1f54993a211c2d57ca35a5,2026-09-26
data_raw/moon_geol/Unified_Geologic_Map_of_the_Moon_GIS/Lunar_GIS/Symbol_LayerDefinitions/Unified_Geologic_Map_of_the_Moon_DOMU_descriptions.xlsx,15376,c151d76a4e8f21bdef9fddd7b442b23894a33488023eb03dc9d4087edc9c6105,2026-09-26
data_raw/moon_geol/Unified_Geologic_Map_of_the_Moon_GIS/Lunar_GIS/Unified_Geologic_Map_of_The_Moon_ArcMap10.3.mxd,2038272,04ca87ce99f22386fdbf1c88def8025149672f8364497960ca66d9ee22f7bcfc,2026-09-26
data_raw/moon_geol/Unified_Geologic_Map_of_the_Moon_GIS/Lunar_GIS/Unified_Geologic_Map_of_The_Moon_ArcMap10.7.mxd,4555264,d521a8fa2e2bfbf69e0da5faa279f2beb1ef13df2e6cb10dfd2a64e50492681f,2026-09-26
data_raw/moon_geol/Unified_Geologic_Map_of_the_Moon_GIS/Lunar_GIS/Unified_Geologic_Map_of_The_Moon_ArcReader10.7.pmf,505344,cf22f2d32c40830e015631eac29533c50eb3659f7d03ef43f522ee6710fb462f,2026-09-26
data_raw/moon_geol/Unified_Geologic_Map_of_the_Moon_GIS/Lunar_Rasters/LRO_LOLA_DTM/ReadMe_DOWNLOAD_LOLA_NORTH_POLE_SHADE DATA.txt,456,572976eb35c726ec25bac3abe75754546e8107a3ff4df326074f03747c13ebb0,2026-09-26
data_raw/moon_geol/Unified_Geologic_Map_of_the_Moon_GIS/Lunar_Rasters/LRO_LOLA_DTM/ReadMe_DOWNLOAD_LOLA_SOUTH_POLE_SHADE DATA.txt,458,2301cb1a5c9364f6b82d0ab3ab6415833390f0db36be09c1fb5dc7d164231f25,2026-09-26
data_raw/moon_geol/Unified_Geologic_Map_of_the_Moon_GIS/Lunar_Rasters/SELENE_Kaguya/ReadMe_DOWNLOAD_EQUITORIAL_LOLAKAGUYA_DATA.txt,453,83bdfcdb9ff8449a9cddb39303bb41e0a23b50f7902e2d08bec69b3e325c6119,2026-09-26
data_raw/moon_geol/Unified_Geologic_Map_of_the_Moon_GIS/Unified_Geologic_Map_of_the_Moon_v2_March2020.txt,5054,d47f7d22481833224005b269b1d61e748875f49580d3396b54029a797f9b875b,2026-09-26
data_raw/moon_geol/Unified_Geologic_Map_of_the_Moon_GIS/browse_Unified_Geologic_Map_of_the_Moon_v2_200dpi.jpg,24923124,aa68aefdad0a73b8c5cf9c76ba122a49a9692d75a1c0194fb3cc5c235c9fcca4,2026-09-26
data_raw/moon_geol/moon_geolmap_v2.zip,224413040,f3ec29803c1ad3b8c41a7fff3e9339bd66f9fbb8f63e30f13c52561b8d5559a1,2026-09-26
data_raw/ody_grs/h2o_sr_5x5.lbl,4653,3700c0e5f8fd408b47653cc6242e5839746d5fbaae8cae8028a91384b7433144,2026-09-26
data_raw/ody_grs/h2o_sr_5x5.tab,182098,0d2c83b6689568cdf149005c64d8d498506f10ac2fc8c09ac3fbd68685e2cc2e,2026-09-26
data_raw/ody_grs/k_2x2.lbl,4733,5bf159b1870017a256c2b6a83b617c1836b5d7c3f6a35315b3d20faf1a6d83f8,2026-09-26
data_raw/ody_grs/k_2x2.tab,1045438,646e9924f06108dfb5f8d0758a4f711cb57bb86c4a7490371025df2330d85ea2,2026-09-26
data_raw/ody_grs/k_5x5.lbl,4736,0d141a920918ece82622aae1ae2ffe832d1091088aa226eef0306c8b4d68cf9a,2026-09-26
data_raw/ody_grs/k_5x5.tab,93545,76a1b536557529aece46cd82b165b5ffb52b8aa8f633e759a972f1ba8ded6acc,2026-09-26
data_raw/ody_grs/k_sr_5x5.lbl,4642,cb9a3becaa74ef31cd993653252687ddfeb2bb0f5ca07a7488c1378d52a8f96b,2026-09-26
data_raw/ody_grs/k_sr_5x5.tab,171070,6e4a8be8aa93b04dff73e8f6e80103c74042f02e5dd0c243a1196c083367f14f,2026-09-26
data_raw/ody_grs/kvsth_sr_5x5.lbl,4781,a612728607c3d9c4bb662e6af5ffa204efe332bb77cf87be1ff904011b205772,2026-09-26
data_raw/ody_grs/kvsth_sr_5x5.tab,171085,c0defd88eb1e5b99a05075e0517b727516e3ee9eabb8cd131a7407c923c755d6,2026-09-26
data_raw/ody_grs/th_2x2.lbl,4733,f9b425ac17f2ae5bf612d4e8591388b850f976078eae28309d9efd6a191ed0d8,2026-09-26
data_raw/ody_grs/th_2x2.tab,1045438,59f4b54e15845a2e634e12163d50b9119ca35d76c4c9a727bb14394e2cf7363d,2026-09-26
data_raw/ody_grs/th_5x5.lbl,4738,647d0f26be1f61427bf0a8faa9daa5479e32bd6062f210074cbc78eee19d5140,2026-09-26
data_raw/ody_grs/th_5x5.tab,171070,f743b383f516def0a2803673e4f6d8b20f51752a4da2f203ad5de88aab640864,2026-09-26
data_raw/ody_grs/th_sr_5x5.lbl,4645,e24db23b6fcff022ae94c06941688226b9135a54852258896a1235263b9030c6,2026-09-26
data_raw/ody_grs/th_sr_5x5.tab,171070,4a0a127c69f3657e5fa34ca16d5615eb6e487a61878e2f02e0f2475ae92b7475,2026-09-26
